"id","aqi_us","main_pollutant","pm25","pm10","o3","no2","so2","co","temperature","humidity","pressure","wind_speed","wind_direction","city","country","timestamp","created_at"
"1","69","p2",NULL,NULL,NULL,NULL,NULL,NULL,"32","63","1011","2.5","190","Chatuchak","Thailand","2026-03-30 04:30:32","2026-03-30 11:30:32"
"2","69","p2",NULL,NULL,NULL,NULL,NULL,NULL,"33","59","1010","2.5","200","Chatuchak","Thailand","2026-03-30 05:30:29","2026-03-30 12:30:29"
"3","71","p2",NULL,NULL,NULL,NULL,NULL,NULL,"34","56","1009","2.5","210","Chatuchak","Thailand","2026-03-30 06:30:28","2026-03-30 13:30:28"
"4","88","p2",NULL,NULL,NULL,NULL,NULL,NULL,"34","56","1008","1.94","220","Chatuchak","Thailand","2026-03-30 07:30:29","2026-03-30 14:30:29"
"5","80","p2",NULL,NULL,NULL,NULL,NULL,NULL,"34","56","1008","1.94","220","Chatuchak","Thailand","2026-03-30 08:30:29","2026-03-30 15:30:29"
"6","82","p2",NULL,NULL,NULL,NULL,NULL,NULL,"34","56","1007","1.94","220","Chatuchak","Thailand","2026-03-30 09:30:29","2026-03-30 16:30:29"
"7","65","p2",NULL,NULL,NULL,NULL,NULL,NULL,"32","66","1007","1.94","210","Chatuchak","Thailand","2026-03-30 10:30:29","2026-03-30 17:30:29"
"8","82","p2",NULL,NULL,NULL,NULL,NULL,NULL,"31","70","1007","1.67","200","Chatuchak","Thailand","2026-03-30 11:30:29","2026-03-30 18:30:29"
"9","73","p2",NULL,NULL,NULL,NULL,NULL,NULL,"30","75","1008","1.67","190","Chatuchak","Thailand","2026-03-30 12:30:29","2026-03-30 19:30:29"
"10","73","p2",NULL,NULL,NULL,NULL,NULL,NULL,"30","75","1008","1.67","190","Chatuchak","Thailand","2026-03-30 13:30:29","2026-03-30 20:30:29"
"11","60","p2",NULL,NULL,NULL,NULL,NULL,NULL,"30","75","1009","1.67","190","Chatuchak","Thailand","2026-03-30 14:30:29","2026-03-30 21:30:29"
"12","61","p2",NULL,NULL,NULL,NULL,NULL,NULL,"29","79","1009","1.67","190","Chatuchak","Thailand","2026-03-30 15:30:29","2026-03-30 22:30:29"
"13","61","p2",NULL,NULL,NULL,NULL,NULL,NULL,"29","79","1009","1.67","190","Chatuchak","Thailand","2026-03-30 16:30:29","2026-03-30 23:30:29"
"14","58","p2",NULL,NULL,NULL,NULL,NULL,NULL,"29","79","1009","1.67","200","Chatuchak","Thailand","2026-03-30 17:30:29","2026-03-31 00:30:29"
"15","54","p2",NULL,NULL,NULL,NULL,NULL,NULL,"28","84","1009","1.67","200","Chatuchak","Thailand","2026-03-30 18:30:29","2026-03-31 01:30:29"
"16","51","p2",NULL,NULL,NULL,NULL,NULL,NULL,"28","84","1009","1.67","190","Chatuchak","Thailand","2026-03-30 19:30:29","2026-03-31 02:30:29"
"17","52","p2",NULL,NULL,NULL,NULL,NULL,NULL,"28","79","1009","1.11","180","Chatuchak","Thailand","2026-03-30 20:30:29","2026-03-31 03:30:29"
"18","52","p2",NULL,NULL,NULL,NULL,NULL,NULL,"28","79","1008","1.11","180","Chatuchak","Thailand","2026-03-30 21:30:28","2026-03-31 04:30:28"
"19","52","p2",NULL,NULL,NULL,NULL,NULL,NULL,"28","79","1009","1.11","180","Chatuchak","Thailand","2026-03-30 22:30:29","2026-03-31 05:30:29"
"20","53","p2",NULL,NULL,NULL,NULL,NULL,NULL,"28","79","1010","1.11","180","Chatuchak","Thailand","2026-03-30 23:30:28","2026-03-31 06:30:28"
"21","59","p2",NULL,NULL,NULL,NULL,NULL,NULL,"28","79","1010","1.11","180","Chatuchak","Thailand","2026-03-31 00:30:28","2026-03-31 07:30:28"
"22","52","p2",NULL,NULL,NULL,NULL,NULL,NULL,"29","75","1011","1.67","180","Chatuchak","Thailand","2026-03-31 01:30:29","2026-03-31 08:30:29"
"23","53","p2",NULL,NULL,NULL,NULL,NULL,NULL,"30","70","1011","1.94","170","Chatuchak","Thailand","2026-03-31 02:30:28","2026-03-31 09:30:28"
"24","53","p2",NULL,NULL,NULL,NULL,NULL,NULL,"32","63","1012","1.94","170","Chatuchak","Thailand","2026-03-31 03:30:29","2026-03-31 10:30:29"
"25","53","p2",NULL,NULL,NULL,NULL,NULL,NULL,"33","59","1011","1.94","180","Chatuchak","Thailand","2026-03-31 04:30:28","2026-03-31 11:30:28"
"26","69","p2",NULL,NULL,NULL,NULL,NULL,NULL,"34","53","1010","2.5","190","Chatuchak","Thailand","2026-03-31 05:30:28","2026-03-31 12:30:28"
"27","75","p2",NULL,NULL,NULL,NULL,NULL,NULL,"35","50","1010","2.5","200","Chatuchak","Thailand","2026-03-31 06:30:28","2026-03-31 13:30:28"
"28","74","p2",NULL,NULL,NULL,NULL,NULL,NULL,"35","50","1009","2.5","210","Chatuchak","Thailand","2026-03-31 07:30:29","2026-03-31 14:30:29"
"29","66","p2",NULL,NULL,NULL,NULL,NULL,NULL,"35","50","1008","2.5","220","Chatuchak","Thailand","2026-03-31 08:30:29","2026-03-31 15:30:29"
"30","63","p2",NULL,NULL,NULL,NULL,NULL,NULL,"35","50","1007","2.5","220","Chatuchak","Thailand","2026-03-31 09:30:30","2026-03-31 16:30:30"
"31","63","p2",NULL,NULL,NULL,NULL,NULL,NULL,"34","53","1007","1.94","210","Chatuchak","Thailand","2026-03-31 10:30:29","2026-03-31 17:30:29"
"32","63","p2",NULL,NULL,NULL,NULL,NULL,NULL,"32","59","1007","1.94","210","Chatuchak","Thailand","2026-03-31 11:30:28","2026-03-31 18:30:28"
"33","66","p2",NULL,NULL,NULL,NULL,NULL,NULL,"31","63","1007","1.94","200","Chatuchak","Thailand","2026-03-31 12:30:28","2026-03-31 19:30:28"
"34","65","p2",NULL,NULL,NULL,NULL,NULL,NULL,"31","66","1008","1.94","200","Chatuchak","Thailand","2026-03-31 13:30:29","2026-03-31 20:30:29"
"35","65","p2",NULL,NULL,NULL,NULL,NULL,NULL,"30","70","1008","1.67","200","Chatuchak","Thailand","2026-03-31 14:30:28","2026-03-31 21:30:28"
"36","65","p2",NULL,NULL,NULL,NULL,NULL,NULL,"30","75","1009","1.67","200","Chatuchak","Thailand","2026-03-31 15:30:28","2026-03-31 22:30:28"
"37","65","p2",NULL,NULL,NULL,NULL,NULL,NULL,"29","79","1009","1.67","200","Chatuchak","Thailand","2026-03-31 16:30:29","2026-03-31 23:30:29"
"38","61","p2",NULL,NULL,NULL,NULL,NULL,NULL,"29","79","1009","1.67","200","Chatuchak","Thailand","2026-03-31 17:30:29","2026-04-01 00:30:29"
"39","61","p2",NULL,NULL,NULL,NULL,NULL,NULL,"29","79","1009","1.67","200","Chatuchak","Thailand","2026-03-31 18:30:29","2026-04-01 01:30:29"
"40","62","p2",NULL,NULL,NULL,NULL,NULL,NULL,"29","79","1008","1.11","200","Chatuchak","Thailand","2026-03-31 19:30:28","2026-04-01 02:30:28"
"41","62","p2",NULL,NULL,NULL,NULL,NULL,NULL,"28","84","1008","1.11","200","Chatuchak","Thailand","2026-03-31 20:30:28","2026-04-01 03:30:28"
"42","65","p2",NULL,NULL,NULL,NULL,NULL,NULL,"28","84","1008","1.11","200","Chatuchak","Thailand","2026-03-31 21:30:29","2026-04-01 04:30:29"
"43","66","p2",NULL,NULL,NULL,NULL,NULL,NULL,"28","84","1008","1.11","190","Chatuchak","Thailand","2026-03-31 22:30:29","2026-04-01 05:30:29"
"44","67","p2",NULL,NULL,NULL,NULL,NULL,NULL,"28","89","1009","1.11","190","Chatuchak","Thailand","2026-03-31 23:30:29","2026-04-01 06:30:29"
"45","68","p2",NULL,NULL,NULL,NULL,NULL,NULL,"28","89","1010","1.11","190","Chatuchak","Thailand","2026-04-01 00:30:29","2026-04-01 07:30:29"
"46","67","p2",NULL,NULL,NULL,NULL,NULL,NULL,"30","79","1010","1.11","190","Chatuchak","Thailand","2026-04-01 01:30:29","2026-04-01 08:30:29"
"47","70","p2",NULL,NULL,NULL,NULL,NULL,NULL,"31","70","1011","1.67","190","Chatuchak","Thailand","2026-04-01 02:30:29","2026-04-01 09:30:29"
"48","82","p2",NULL,NULL,NULL,NULL,NULL,NULL,"32","66","1011","1.94","180","Chatuchak","Thailand","2026-04-01 03:30:29","2026-04-01 10:30:29"
"49","97","p2",NULL,NULL,NULL,NULL,NULL,NULL,"33","63","1011","1.94","190","Chatuchak","Thailand","2026-04-01 04:30:29","2026-04-01 11:30:29"
"50","98","p2",NULL,NULL,NULL,NULL,NULL,NULL,"34","56","1010","1.94","200","Chatuchak","Thailand","2026-04-01 05:30:29","2026-04-01 12:30:29"
"51","96","p2",NULL,NULL,NULL,NULL,NULL,NULL,"35","53","1009","2.5","210","Chatuchak","Thailand","2026-04-01 06:30:29","2026-04-01 13:30:29"
"52","84","p2",NULL,NULL,NULL,NULL,NULL,NULL,"35","56","1008","2.5","200","Chatuchak","Thailand","2026-04-01 07:30:29","2026-04-01 14:30:29"
"53","77","p2",NULL,NULL,NULL,NULL,NULL,NULL,"35","56","1007","2.5","210","Chatuchak","Thailand","2026-04-01 08:30:29","2026-04-01 15:30:29"
"54","79","p2",NULL,NULL,NULL,NULL,NULL,NULL,"35","53","1006","1.94","220","Chatuchak","Thailand","2026-04-01 09:30:29","2026-04-01 16:30:29"
"55","82","p2",NULL,NULL,NULL,NULL,NULL,NULL,"34","56","1007","1.94","210","Chatuchak","Thailand","2026-04-01 10:30:29","2026-04-01 17:30:29"
"56","78","p2",NULL,NULL,NULL,NULL,NULL,NULL,"32","66","1007","1.67","200","Chatuchak","Thailand","2026-04-01 11:30:29","2026-04-01 18:30:29"
"57","78","p2",NULL,NULL,NULL,NULL,NULL,NULL,"31","70","1007","1.67","180","Chatuchak","Thailand","2026-04-01 12:30:29","2026-04-01 19:30:29"
"58","73","p2",NULL,NULL,NULL,NULL,NULL,NULL,"30","75","1008","1.67","180","Chatuchak","Thailand","2026-04-01 13:30:29","2026-04-01 20:30:29"
"59","73","p2",NULL,NULL,NULL,NULL,NULL,NULL,"30","79","1008","1.67","180","Chatuchak","Thailand","2026-04-01 14:30:29","2026-04-01 21:30:29"
"60","66","p2",NULL,NULL,NULL,NULL,NULL,NULL,"29","84","1009","1.67","180","Chatuchak","Thailand","2026-04-01 15:30:30","2026-04-01 22:30:30"
"61","70","p2",NULL,NULL,NULL,NULL,NULL,NULL,"29","84","1009","1.67","190","Chatuchak","Thailand","2026-04-01 16:30:29","2026-04-01 23:30:29"
"62","70","p2",NULL,NULL,NULL,NULL,NULL,NULL,"29","84","1009","1.67","190","Chatuchak","Thailand","2026-04-01 17:30:29","2026-04-02 00:30:29"
"63","70","p2",NULL,NULL,NULL,NULL,NULL,NULL,"29","84","1008","1.67","190","Chatuchak","Thailand","2026-04-01 18:30:29","2026-04-02 01:30:29"
"64","70","p2",NULL,NULL,NULL,NULL,NULL,NULL,"29","89","1009","1.67","190","Chatuchak","Thailand","2026-04-01 19:30:29","2026-04-02 02:30:29"
"65","74","p2",NULL,NULL,NULL,NULL,NULL,NULL,"29","89","1008","1.67","190","Chatuchak","Thailand","2026-04-01 20:30:30","2026-04-02 03:30:30"
"66","66","p2",NULL,NULL,NULL,NULL,NULL,NULL,"29","84","1008","1.11","180","Chatuchak","Thailand","2026-04-01 21:30:29","2026-04-02 04:30:29"
"67","79","p2",NULL,NULL,NULL,NULL,NULL,NULL,"29","84","1009","1.11","180","Chatuchak","Thailand","2026-04-01 22:30:29","2026-04-02 05:30:29"
"68","81","p2",NULL,NULL,NULL,NULL,NULL,NULL,"29","89","1009","1.11","180","Chatuchak","Thailand","2026-04-01 23:30:29","2026-04-02 06:30:29"
"69","73","p2",NULL,NULL,NULL,NULL,NULL,NULL,"29","89","1010","1.11","180","Chatuchak","Thailand","2026-04-02 00:30:29","2026-04-02 07:30:29"
"70","73","p2",NULL,NULL,NULL,NULL,NULL,NULL,"30","79","1010","1.67","180","Chatuchak","Thailand","2026-04-02 01:30:29","2026-04-02 08:30:29"
"71","71","p2",NULL,NULL,NULL,NULL,NULL,NULL,"32","71","1011","1.67","180","Chatuchak","Thailand","2026-04-02 02:30:29","2026-04-02 09:30:29"
"72","76","p2",NULL,NULL,NULL,NULL,NULL,NULL,"33","67","1011","1.94","180","Chatuchak","Thailand","2026-04-02 03:30:29","2026-04-02 10:30:29"
"73","76","p2",NULL,NULL,NULL,NULL,NULL,NULL,"34","63","1011","1.94","190","Chatuchak","Thailand","2026-04-02 04:30:30","2026-04-02 11:30:30"
"74","78","p2",NULL,NULL,NULL,NULL,NULL,NULL,"34","63","1010","2.5","200","Chatuchak","Thailand","2026-04-02 05:30:29","2026-04-02 12:30:29"
"75","78","p2",NULL,NULL,NULL,NULL,NULL,NULL,"35","56","1010","2.5","210","Chatuchak","Thailand","2026-04-02 06:30:29","2026-04-02 13:30:29"
"76","74","p2",NULL,NULL,NULL,NULL,NULL,NULL,"35","60","1009","1.94","200","Chatuchak","Thailand","2026-04-02 07:30:29","2026-04-02 14:30:29"
"77","74","p2",NULL,NULL,NULL,NULL,NULL,NULL,"35","56","1008","1.94","200","Chatuchak","Thailand","2026-04-02 08:30:29","2026-04-02 15:30:29"
"78","74","p2",NULL,NULL,NULL,NULL,NULL,NULL,"35","56","1007","1.94","210","Chatuchak","Thailand","2026-04-02 09:30:29","2026-04-02 16:30:29"
"79","72","p2",NULL,NULL,NULL,NULL,NULL,NULL,"34","60","1007","1.67","200","Chatuchak","Thailand","2026-04-02 10:30:29","2026-04-02 17:30:29"
"80","65","p2",NULL,NULL,NULL,NULL,NULL,NULL,"32","66","1008","1.67","190","Chatuchak","Thailand","2026-04-02 11:30:29","2026-04-02 18:30:29"
"81","66","p2",NULL,NULL,NULL,NULL,NULL,NULL,"31","70","1008","1.11","180","Chatuchak","Thailand","2026-04-02 12:30:29","2026-04-02 19:30:29"
"82","66","p2",NULL,NULL,NULL,NULL,NULL,NULL,"31","75","1008","1.67","180","Chatuchak","Thailand","2026-04-02 13:30:29","2026-04-02 20:30:29"
"83","55","p2",NULL,NULL,NULL,NULL,NULL,NULL,"30","79","1009","1.67","180","Chatuchak","Thailand","2026-04-02 14:30:29","2026-04-02 21:30:29"
"84","55","p2",NULL,NULL,NULL,NULL,NULL,NULL,"30","79","1010","1.67","180","Chatuchak","Thailand","2026-04-02 15:30:29","2026-04-02 22:30:29"
"85","61","p2",NULL,NULL,NULL,NULL,NULL,NULL,"30","79","1009","1.67","180","Chatuchak","Thailand","2026-04-02 16:30:29","2026-04-02 23:30:29"
"86","61","p2",NULL,NULL,NULL,NULL,NULL,NULL,"29","84","1009","1.67","180","Chatuchak","Thailand","2026-04-02 17:30:29","2026-04-03 00:30:29"
"87","56","p2",NULL,NULL,NULL,NULL,NULL,NULL,"29","84","1009","1.67","190","Chatuchak","Thailand","2026-04-02 18:30:30","2026-04-03 01:30:30"
"88","69","p2",NULL,NULL,NULL,NULL,NULL,NULL,"29","84","1009","1.67","180","Chatuchak","Thailand","2026-04-02 19:30:29","2026-04-03 02:30:29"
"89","65","p2",NULL,NULL,NULL,NULL,NULL,NULL,"29","84","1008","1.11","180","Chatuchak","Thailand","2026-04-02 20:30:29","2026-04-03 03:30:29"
"90","73","p2",NULL,NULL,NULL,NULL,NULL,NULL,"29","84","1008","1.11","180","Chatuchak","Thailand","2026-04-02 21:30:29","2026-04-03 04:30:29"
"91","70","p2",NULL,NULL,NULL,NULL,NULL,NULL,"29","84","1009","1.11","180","Chatuchak","Thailand","2026-04-02 22:30:29","2026-04-03 05:30:29"
"92","77","p2",NULL,NULL,NULL,NULL,NULL,NULL,"29","84","1009","1.11","180","Chatuchak","Thailand","2026-04-02 23:30:29","2026-04-03 06:30:29"
"93","69","p2",NULL,NULL,NULL,NULL,NULL,NULL,"29","84","1010","1.11","180","Chatuchak","Thailand","2026-04-03 00:30:29","2026-04-03 07:30:29"
"94","69","p2",NULL,NULL,NULL,NULL,NULL,NULL,"30","79","1010","1.67","180","Chatuchak","Thailand","2026-04-03 01:30:29","2026-04-03 08:30:29"
"95","71","p2",NULL,NULL,NULL,NULL,NULL,NULL,"31","75","1011","1.94","190","Chatuchak","Thailand","2026-04-03 02:30:29","2026-04-03 09:30:29"
"96","76","p2",NULL,NULL,NULL,NULL,NULL,NULL,"33","67","1011","2.5","190","Chatuchak","Thailand","2026-04-03 03:30:29","2026-04-03 10:30:29"
"97","75","p2",NULL,NULL,NULL,NULL,NULL,NULL,"34","60","1010","2.5","200","Chatuchak","Thailand","2026-04-03 04:30:29","2026-04-03 11:30:29"
"98","78","p2",NULL,NULL,NULL,NULL,NULL,NULL,"34","60","1010","2.5","200","Chatuchak","Thailand","2026-04-03 05:30:29","2026-04-03 12:30:29"
"99","78","p2",NULL,NULL,NULL,NULL,NULL,NULL,"35","56","1009","2.5","210","Chatuchak","Thailand","2026-04-03 06:30:29","2026-04-03 13:30:29"
"100","79","p2",NULL,NULL,NULL,NULL,NULL,NULL,"35","56","1008","2.5","200","Chatuchak","Thailand","2026-04-03 07:30:29","2026-04-03 14:30:29"
"101","78","p2",NULL,NULL,NULL,NULL,NULL,NULL,"35","56","1007","2.5","200","Chatuchak","Thailand","2026-04-03 08:30:29","2026-04-03 15:30:29"
"102","81","p2",NULL,NULL,NULL,NULL,NULL,NULL,"35","53","1006","2.5","210","Chatuchak","Thailand","2026-04-03 09:30:29","2026-04-03 16:30:29"
"103","81","p2",NULL,NULL,NULL,NULL,NULL,NULL,"34","60","1006","2.5","210","Chatuchak","Thailand","2026-04-03 10:30:29","2026-04-03 17:30:29"
"104","82","p2",NULL,NULL,NULL,NULL,NULL,NULL,"32","66","1006","1.94","200","Chatuchak","Thailand","2026-04-03 11:30:29","2026-04-03 18:30:29"
"105","82","p2",NULL,NULL,NULL,NULL,NULL,NULL,"31","70","1007","1.94","200","Chatuchak","Thailand","2026-04-03 12:30:29","2026-04-03 19:30:29"
"106","82","p2",NULL,NULL,NULL,NULL,NULL,NULL,"31","70","1007","1.94","200","Chatuchak","Thailand","2026-04-03 13:30:29","2026-04-03 20:30:29"
"107","84","p2",NULL,NULL,NULL,NULL,NULL,NULL,"30","79","1008","1.67","200","Chatuchak","Thailand","2026-04-03 14:30:29","2026-04-03 21:30:29"
"108","84","p2",NULL,NULL,NULL,NULL,NULL,NULL,"30","79","1009","1.67","200","Chatuchak","Thailand","2026-04-03 15:30:29","2026-04-03 22:30:29"
"109","80","p2",NULL,NULL,NULL,NULL,NULL,NULL,"30","79","1008","1.67","200","Chatuchak","Thailand","2026-04-03 16:30:29","2026-04-03 23:30:29"
"110","80","p2",NULL,NULL,NULL,NULL,NULL,NULL,"30","79","1008","1.67","200","Chatuchak","Thailand","2026-04-03 17:30:29","2026-04-04 00:30:29"
"111","80","p2",NULL,NULL,NULL,NULL,NULL,NULL,"30","79","1008","1.67","200","Chatuchak","Thailand","2026-04-03 18:30:29","2026-04-04 01:30:29"
"112","80","p2",NULL,NULL,NULL,NULL,NULL,NULL,"29","79","1008","1.67","180","Chatuchak","Thailand","2026-04-03 19:30:29","2026-04-04 02:30:29"
"113","81","p2",NULL,NULL,NULL,NULL,NULL,NULL,"29","79","1007","1.11","180","Chatuchak","Thailand","2026-04-03 20:30:29","2026-04-04 03:30:29"
"114","81","p2",NULL,NULL,NULL,NULL,NULL,NULL,"29","79","1007","1.11","180","Chatuchak","Thailand","2026-04-03 21:30:29","2026-04-04 04:30:29"
"115","82","p2",NULL,NULL,NULL,NULL,NULL,NULL,"29","79","1007","1.11","180","Chatuchak","Thailand","2026-04-03 22:30:29","2026-04-04 05:30:29"
"116","85","p2",NULL,NULL,NULL,NULL,NULL,NULL,"29","79","1008","1.11","180","Chatuchak","Thailand","2026-04-03 23:30:29","2026-04-04 06:30:29"
"117","86","p2",NULL,NULL,NULL,NULL,NULL,NULL,"29","79","1008","1.11","180","Chatuchak","Thailand","2026-04-04 00:30:29","2026-04-04 07:30:29"
"118","88","p2",NULL,NULL,NULL,NULL,NULL,NULL,"30","75","1009","1.67","180","Chatuchak","Thailand","2026-04-04 01:30:29","2026-04-04 08:30:29"
"119","90","p2",NULL,NULL,NULL,NULL,NULL,NULL,"31","70","1009","1.94","180","Chatuchak","Thailand","2026-04-04 02:30:29","2026-04-04 09:30:29"
"120","92","p2",NULL,NULL,NULL,NULL,NULL,NULL,"32","66","1010","1.94","180","Chatuchak","Thailand","2026-04-04 03:30:29","2026-04-04 10:30:29"
"121","93","p2",NULL,NULL,NULL,NULL,NULL,NULL,"33","63","1009","2.5","190","Chatuchak","Thailand","2026-04-04 04:30:29","2026-04-04 11:30:29"
"122","93","p2",NULL,NULL,NULL,NULL,NULL,NULL,"34","60","1008","2.5","200","Chatuchak","Thailand","2026-04-04 05:30:29","2026-04-04 12:30:29"
"123","94","p2",NULL,NULL,NULL,NULL,NULL,NULL,"35","56","1007","2.5","210","Chatuchak","Thailand","2026-04-04 06:30:29","2026-04-04 13:30:29"
"124","93","p2",NULL,NULL,NULL,NULL,NULL,NULL,"35","56","1006","2.5","200","Chatuchak","Thailand","2026-04-04 07:30:29","2026-04-04 14:30:29"
"125","94","p2",NULL,NULL,NULL,NULL,NULL,NULL,"35","56","1006","2.5","200","Chatuchak","Thailand","2026-04-04 08:30:29","2026-04-04 15:30:29"
"126","91","p2",NULL,NULL,NULL,NULL,NULL,NULL,"35","56","1005","2.5","200","Chatuchak","Thailand","2026-04-04 09:30:29","2026-04-04 16:30:29"
"127","88","p2",NULL,NULL,NULL,NULL,NULL,NULL,"34","60","1005","1.94","200","Chatuchak","Thailand","2026-04-04 10:30:29","2026-04-04 17:30:29"
"128","88","p2",NULL,NULL,NULL,NULL,NULL,NULL,"33","63","1005","1.94","200","Chatuchak","Thailand","2026-04-04 11:30:29","2026-04-04 18:30:29"
"129","87","p2",NULL,NULL,NULL,NULL,NULL,NULL,"31","70","1005","1.67","190","Chatuchak","Thailand","2026-04-04 12:30:29","2026-04-04 19:30:29"
"130","87","p2",NULL,NULL,NULL,NULL,NULL,NULL,"31","75","1006","1.67","190","Chatuchak","Thailand","2026-04-04 13:30:29","2026-04-04 20:30:29"
"131","88","p2",NULL,NULL,NULL,NULL,NULL,NULL,"30","79","1006","1.67","180","Chatuchak","Thailand","2026-04-04 14:30:29","2026-04-04 21:30:29"
"132","87","p2",NULL,NULL,NULL,NULL,NULL,NULL,"30","79","1007","1.67","170","Chatuchak","Thailand","2026-04-04 15:30:29","2026-04-04 22:30:29"
"133","87","p2",NULL,NULL,NULL,NULL,NULL,NULL,"30","79","1007","1.67","180","Chatuchak","Thailand","2026-04-04 16:30:29","2026-04-04 23:30:29"
"134","99","p2",NULL,NULL,NULL,NULL,NULL,NULL,"30","79","1007","1.67","190","Chatuchak","Thailand","2026-04-04 17:30:29","2026-04-05 00:30:29"
"135","96","p2",NULL,NULL,NULL,NULL,NULL,NULL,"29","84","1006","1.67","200","Chatuchak","Thailand","2026-04-04 18:30:29","2026-04-05 01:30:29"
"136","91","p2",NULL,NULL,NULL,NULL,NULL,NULL,"30","84","1006","1.67","200","Chatuchak","Thailand","2026-04-04 19:30:29","2026-04-05 02:30:29"
"137","94","p2",NULL,NULL,NULL,NULL,NULL,NULL,"29","89","1006","1.67","190","Chatuchak","Thailand","2026-04-04 20:30:29","2026-04-05 03:30:29"
"138","90","p2",NULL,NULL,NULL,NULL,NULL,NULL,"29","89","1005","1.11","190","Chatuchak","Thailand","2026-04-04 21:30:29","2026-04-05 04:30:29"
"139","103","p2",NULL,NULL,NULL,NULL,NULL,NULL,"29","84","1006","1.11","190","Chatuchak","Thailand","2026-04-04 22:30:29","2026-04-05 05:30:29"
"140","103","p2",NULL,NULL,NULL,NULL,NULL,NULL,"29","84","1007","1.11","190","Chatuchak","Thailand","2026-04-04 23:30:29","2026-04-05 06:30:29"
"141","99","p2",NULL,NULL,NULL,NULL,NULL,NULL,"29","84","1007","1.11","200","Chatuchak","Thailand","2026-04-05 00:30:29","2026-04-05 07:30:29"
"142","117","p2",NULL,NULL,NULL,NULL,NULL,NULL,"30","75","1008","1.67","200","Chatuchak","Thailand","2026-04-05 01:30:29","2026-04-05 08:30:29"
"143","117","p2",NULL,NULL,NULL,NULL,NULL,NULL,"32","66","1008","1.67","200","Chatuchak","Thailand","2026-04-05 02:30:29","2026-04-05 09:30:29"
"144","101","p2",NULL,NULL,NULL,NULL,NULL,NULL,"33","59","1009","1.94","210","Chatuchak","Thailand","2026-04-05 03:30:29","2026-04-05 10:30:29"
"145","103","p2",NULL,NULL,NULL,NULL,NULL,NULL,"34","56","1008","1.94","210","Chatuchak","Thailand","2026-04-05 04:30:29","2026-04-05 11:30:29"
"146","107","p2",NULL,NULL,NULL,NULL,NULL,NULL,"35","53","1008","1.94","210","Chatuchak","Thailand","2026-04-05 05:30:29","2026-04-05 12:30:29"
"147","102","p2",NULL,NULL,NULL,NULL,NULL,NULL,"36","47","1007","1.94","220","Chatuchak","Thailand","2026-04-05 06:30:29","2026-04-05 13:30:29"
"148","105","p2",NULL,NULL,NULL,NULL,NULL,NULL,"36","50","1006","2.5","220","Chatuchak","Thailand","2026-04-05 07:30:29","2026-04-05 14:30:29"
"149","126","p2",NULL,NULL,NULL,NULL,NULL,NULL,"36","50","1005","2.5","210","Chatuchak","Thailand","2026-04-05 08:30:29","2026-04-05 15:30:29"
"150","115","p2",NULL,NULL,NULL,NULL,NULL,NULL,"37","48","1004","1.94","210","Chatuchak","Thailand","2026-04-05 09:30:29","2026-04-05 16:30:29"
"151","115","p2",NULL,NULL,NULL,NULL,NULL,NULL,"35","53","1004","1.94","210","Chatuchak","Thailand","2026-04-05 10:30:29","2026-04-05 17:30:29"
"152","115","p2",NULL,NULL,NULL,NULL,NULL,NULL,"34","56","1005","1.94","200","Chatuchak","Thailand","2026-04-05 11:30:29","2026-04-05 18:30:29"
"153","95","p2",NULL,NULL,NULL,NULL,NULL,NULL,"32","63","1005","1.94","200","Chatuchak","Thailand","2026-04-05 12:30:29","2026-04-05 19:30:29"
"154","95","p2",NULL,NULL,NULL,NULL,NULL,NULL,"32","66","1006","1.94","200","Chatuchak","Thailand","2026-04-05 13:30:29","2026-04-05 20:30:29"
"155","96","p2",NULL,NULL,NULL,NULL,NULL,NULL,"31","70","1006","1.94","210","Chatuchak","Thailand","2026-04-05 14:30:29","2026-04-05 21:30:29"
"156","92","p2",NULL,NULL,NULL,NULL,NULL,NULL,"30","79","1007","1.67","210","Chatuchak","Thailand","2026-04-05 15:30:29","2026-04-05 22:30:29"
"157","82","p2",NULL,NULL,NULL,NULL,NULL,NULL,"30","79","1007","1.67","210","Chatuchak","Thailand","2026-04-05 16:30:29","2026-04-05 23:30:29"
"158","90","p2",NULL,NULL,NULL,NULL,NULL,NULL,"30","79","1006","1.67","210","Chatuchak","Thailand","2026-04-05 17:30:29","2026-04-06 00:30:29"
"159","90","p2",NULL,NULL,NULL,NULL,NULL,NULL,"29","84","1006","1.67","210","Chatuchak","Thailand","2026-04-05 18:30:29","2026-04-06 01:30:29"
"160","86","p2",NULL,NULL,NULL,NULL,NULL,NULL,"29","84","1006","1.11","200","Chatuchak","Thailand","2026-04-05 19:30:29","2026-04-06 02:30:29"
"161","86","p2",NULL,NULL,NULL,NULL,NULL,NULL,"29","84","1006","1.11","200","Chatuchak","Thailand","2026-04-05 20:30:29","2026-04-06 03:30:29"
"162","94","p2",NULL,NULL,NULL,NULL,NULL,NULL,"29","84","1006","0.56","200","Chatuchak","Thailand","2026-04-05 21:30:29","2026-04-06 04:30:29"
"163","87","p2",NULL,NULL,NULL,NULL,NULL,NULL,"29","79","1007","0.56","200","Chatuchak","Thailand","2026-04-05 22:30:29","2026-04-06 05:30:29"
"164","90","p2",NULL,NULL,NULL,NULL,NULL,NULL,"29","79","1007","1.11","200","Chatuchak","Thailand","2026-04-05 23:30:29","2026-04-06 06:30:29"
"165","92","p2",NULL,NULL,NULL,NULL,NULL,NULL,"29","79","1008","1.11","200","Chatuchak","Thailand","2026-04-06 00:30:29","2026-04-06 07:30:29"
"166","88","p2",NULL,NULL,NULL,NULL,NULL,NULL,"30","70","1009","1.11","210","Chatuchak","Thailand","2026-04-06 01:30:29","2026-04-06 08:30:29"
"167","103","p2",NULL,NULL,NULL,NULL,NULL,NULL,"32","63","1009","1.67","220","Chatuchak","Thailand","2026-04-06 02:30:29","2026-04-06 09:30:29"
"168","92","p2",NULL,NULL,NULL,NULL,NULL,NULL,"33","56","1010","1.94","220","Chatuchak","Thailand","2026-04-06 03:30:29","2026-04-06 10:30:29"
"169","105","p2",NULL,NULL,NULL,NULL,NULL,NULL,"34","53","1010","1.94","220","Chatuchak","Thailand","2026-04-06 04:30:29","2026-04-06 11:30:29"
"170","104","p2",NULL,NULL,NULL,NULL,NULL,NULL,"35","50","1009","1.94","220","Chatuchak","Thailand","2026-04-06 05:30:29","2026-04-06 12:30:29"
"171","99","p2",NULL,NULL,NULL,NULL,NULL,NULL,"36","44","1008","1.94","220","Chatuchak","Thailand","2026-04-06 06:30:29","2026-04-06 13:30:29"
"172","96","p2",NULL,NULL,NULL,NULL,NULL,NULL,"36","42","1007","1.94","220","Chatuchak","Thailand","2026-04-06 07:30:29","2026-04-06 14:30:29"
"173","96","p2",NULL,NULL,NULL,NULL,NULL,NULL,"36","42","1006","1.94","220","Chatuchak","Thailand","2026-04-06 08:30:29","2026-04-06 15:30:29"
"174","96","p2",NULL,NULL,NULL,NULL,NULL,NULL,"36","42","1006","1.94","210","Chatuchak","Thailand","2026-04-06 09:30:30","2026-04-06 16:30:30"
"175","113","p2",NULL,NULL,NULL,NULL,NULL,NULL,"35","47","1006","1.94","210","Chatuchak","Thailand","2026-04-06 10:30:29","2026-04-06 17:30:29"
"176","103","p2",NULL,NULL,NULL,NULL,NULL,NULL,"34","50","1006","1.94","210","Chatuchak","Thailand","2026-04-06 11:30:29","2026-04-06 18:30:29"
"177","95","p2",NULL,NULL,NULL,NULL,NULL,NULL,"32","59","1006","1.94","210","Chatuchak","Thailand","2026-04-06 12:30:29","2026-04-06 19:30:30"
"178","86","p2",NULL,NULL,NULL,NULL,NULL,NULL,"32","59","1007","1.67","200","Chatuchak","Thailand","2026-04-06 13:30:29","2026-04-06 20:30:29"
"179","87","p2",NULL,NULL,NULL,NULL,NULL,NULL,"31","66","1008","1.67","200","Chatuchak","Thailand","2026-04-06 14:30:29","2026-04-06 21:30:29"
"180","87","p2",NULL,NULL,NULL,NULL,NULL,NULL,"30","75","1008","1.67","190","Chatuchak","Thailand","2026-04-06 15:30:29","2026-04-06 22:30:29"
"181","79","p2",NULL,NULL,NULL,NULL,NULL,NULL,"30","75","1008","1.67","190","Chatuchak","Thailand","2026-04-06 16:30:29","2026-04-06 23:30:29"
"182","80","p2",NULL,NULL,NULL,NULL,NULL,NULL,"30","75","1008","1.67","200","Chatuchak","Thailand","2026-04-06 17:30:29","2026-04-07 00:30:29"
"183","82","p2",NULL,NULL,NULL,NULL,NULL,NULL,"29","79","1008","1.67","200","Chatuchak","Thailand","2026-04-06 18:30:29","2026-04-07 01:30:29"
"184","80","p2",NULL,NULL,NULL,NULL,NULL,NULL,"30","75","1008","1.67","190","Chatuchak","Thailand","2026-04-06 19:30:29","2026-04-07 02:30:29"
"185","80","p2",NULL,NULL,NULL,NULL,NULL,NULL,"30","75","1008","1.11","190","Chatuchak","Thailand","2026-04-06 20:30:29","2026-04-07 03:30:29"
"186","81","p2",NULL,NULL,NULL,NULL,NULL,NULL,"29","79","1008","1.11","190","Chatuchak","Thailand","2026-04-06 21:30:29","2026-04-07 04:30:29"
"187","83","p2",NULL,NULL,NULL,NULL,NULL,NULL,"29","79","1008","1.11","190","Chatuchak","Thailand","2026-04-06 22:30:29","2026-04-07 05:30:29"
"188","96","p2",NULL,NULL,NULL,NULL,NULL,NULL,"29","79","1009","1.11","200","Chatuchak","Thailand","2026-04-06 23:30:29","2026-04-07 06:30:29"
"189","103","p2",NULL,NULL,NULL,NULL,NULL,NULL,"29","79","1009","1.11","200","Chatuchak","Thailand","2026-04-07 00:30:29","2026-04-07 07:30:29"
"190","102","p2",NULL,NULL,NULL,NULL,NULL,NULL,"30","70","1010","1.11","220","Chatuchak","Thailand","2026-04-07 01:30:29","2026-04-07 08:30:29"
"191","102","p2",NULL,NULL,NULL,NULL,NULL,NULL,"32","63","1010","1.67","240","Chatuchak","Thailand","2026-04-07 02:30:29","2026-04-07 09:30:29"
"192","94","p2",NULL,NULL,NULL,NULL,NULL,NULL,"33","56","1011","1.94","250","Chatuchak","Thailand","2026-04-07 03:30:29","2026-04-07 10:30:29"
"193","103","p2",NULL,NULL,NULL,NULL,NULL,NULL,"34","53","1010","1.94","240","Chatuchak","Thailand","2026-04-07 04:30:29","2026-04-07 11:30:29"
"194","103","p2",NULL,NULL,NULL,NULL,NULL,NULL,"35","50","1009","1.94","230","Chatuchak","Thailand","2026-04-07 05:30:29","2026-04-07 12:30:29"
"195","102","p2",NULL,NULL,NULL,NULL,NULL,NULL,"36","44","1009","1.94","230","Chatuchak","Thailand","2026-04-07 06:30:29","2026-04-07 13:30:29"
"196","102","p2",NULL,NULL,NULL,NULL,NULL,NULL,"36","47","1008","1.67","260","Chatuchak","Thailand","2026-04-07 07:30:29","2026-04-07 14:30:29"
"197","98","p2",NULL,NULL,NULL,NULL,NULL,NULL,"36","47","1007","1.67","250","Chatuchak","Thailand","2026-04-07 08:30:29","2026-04-07 15:30:29"
"198","94","p2",NULL,NULL,NULL,NULL,NULL,NULL,"37","45","1006","1.67","230","Chatuchak","Thailand","2026-04-07 09:30:29","2026-04-07 16:30:29"
"199","94","p2",NULL,NULL,NULL,NULL,NULL,NULL,"35","50","1006","1.11","230","Chatuchak","Thailand","2026-04-07 10:30:29","2026-04-07 17:30:29"
"200","102","p2",NULL,NULL,NULL,NULL,NULL,NULL,"34","53","1006","1.11","220","Chatuchak","Thailand","2026-04-07 11:30:29","2026-04-07 18:30:29"
"201","104","p2",NULL,NULL,NULL,NULL,NULL,NULL,"33","56","1007","1.11","210","Chatuchak","Thailand","2026-04-07 12:30:29","2026-04-07 19:30:29"
"202","104","p2",NULL,NULL,NULL,NULL,NULL,NULL,"32","63","1007","1.11","210","Chatuchak","Thailand","2026-04-07 13:30:29","2026-04-07 20:30:29"
"203","117","p2",NULL,NULL,NULL,NULL,NULL,NULL,"31","66","1008","1.11","200","Chatuchak","Thailand","2026-04-07 14:30:29","2026-04-07 21:30:29"
"204","110","p2",NULL,NULL,NULL,NULL,NULL,NULL,"31","70","1008","1.11","200","Chatuchak","Thailand","2026-04-07 15:30:29","2026-04-07 22:30:29"
"205","110","p2",NULL,NULL,NULL,NULL,NULL,NULL,"30","75","1008","1.11","200","Chatuchak","Thailand","2026-04-07 16:30:29","2026-04-07 23:30:29"
"206","87","p2",NULL,NULL,NULL,NULL,NULL,NULL,"30","75","1008","1.67","200","Chatuchak","Thailand","2026-04-07 17:30:29","2026-04-08 00:30:29"
"207","87","p2",NULL,NULL,NULL,NULL,NULL,NULL,"30","75","1008","1.67","200","Chatuchak","Thailand","2026-04-07 18:30:29","2026-04-08 01:30:29"
"208","81","p2",NULL,NULL,NULL,NULL,NULL,NULL,"30","79","1008","1.11","190","Chatuchak","Thailand","2026-04-07 19:30:29","2026-04-08 02:30:29"
"209","80","p2",NULL,NULL,NULL,NULL,NULL,NULL,"30","79","1007","1.11","200","Chatuchak","Thailand","2026-04-07 20:30:29","2026-04-08 03:30:29"
"210","78","p2",NULL,NULL,NULL,NULL,NULL,NULL,"30","79","1007","1.11","210","Chatuchak","Thailand","2026-04-07 21:30:30","2026-04-08 04:30:30"
"211","78","p2",NULL,NULL,NULL,NULL,NULL,NULL,"30","79","1008","0.56","200","Chatuchak","Thailand","2026-04-07 22:30:29","2026-04-08 05:30:29"
"212","74","p2",NULL,NULL,NULL,NULL,NULL,NULL,"30","84","1008","0.56","190","Chatuchak","Thailand","2026-04-07 23:30:29","2026-04-08 06:30:29"
"213","71","p2",NULL,NULL,NULL,NULL,NULL,NULL,"30","84","1009","0.56","180","Chatuchak","Thailand","2026-04-08 00:30:29","2026-04-08 07:30:29"
"214","73","p2",NULL,NULL,NULL,NULL,NULL,NULL,"31","75","1010","1.11","200","Chatuchak","Thailand","2026-04-08 01:30:29","2026-04-08 08:30:29"
"215","89","p2",NULL,NULL,NULL,NULL,NULL,NULL,"32","71","1010","1.67","210","Chatuchak","Thailand","2026-04-08 02:30:29","2026-04-08 09:30:29"
"216","105","p2",NULL,NULL,NULL,NULL,NULL,NULL,"33","63","1011","1.67","220","Chatuchak","Thailand","2026-04-08 03:30:29","2026-04-08 10:30:29"
"217","109","p2",NULL,NULL,NULL,NULL,NULL,NULL,"34","60","1010","1.67","220","Chatuchak","Thailand","2026-04-08 04:30:29","2026-04-08 11:30:29"
"218","116","p2",NULL,NULL,NULL,NULL,NULL,NULL,"35","56","1010","1.94","220","Chatuchak","Thailand","2026-04-08 05:30:29","2026-04-08 12:30:29"
"219","116","p2",NULL,NULL,NULL,NULL,NULL,NULL,"36","50","1009","1.94","220","Chatuchak","Thailand","2026-04-08 06:30:29","2026-04-08 13:30:29"
"220","119","p2",NULL,NULL,NULL,NULL,NULL,NULL,"36","50","1008","2.5","200","Chatuchak","Thailand","2026-04-08 07:30:29","2026-04-08 14:30:29"
"221","108","p2",NULL,NULL,NULL,NULL,NULL,NULL,"36","50","1007","1.94","200","Chatuchak","Thailand","2026-04-08 08:30:29","2026-04-08 15:30:29"
"222","108","p2",NULL,NULL,NULL,NULL,NULL,NULL,"36","50","1006","1.94","210","Chatuchak","Thailand","2026-04-08 09:30:29","2026-04-08 16:30:29"
"223","93","p2",NULL,NULL,NULL,NULL,NULL,NULL,"34","56","1007","1.94","200","Chatuchak","Thailand","2026-04-08 10:30:29","2026-04-08 17:30:29"
"224","93","p2",NULL,NULL,NULL,NULL,NULL,NULL,"33","59","1007","1.67","190","Chatuchak","Thailand","2026-04-08 11:30:30","2026-04-08 18:30:30"
"225","93","p2",NULL,NULL,NULL,NULL,NULL,NULL,"32","63","1007","1.67","180","Chatuchak","Thailand","2026-04-08 12:30:29","2026-04-08 19:30:29"
"226","88","p2",NULL,NULL,NULL,NULL,NULL,NULL,"31","70","1008","1.67","180","Chatuchak","Thailand","2026-04-08 13:30:29","2026-04-08 20:30:29"
"227","88","p2",NULL,NULL,NULL,NULL,NULL,NULL,"31","70","1008","1.67","180","Chatuchak","Thailand","2026-04-08 14:30:29","2026-04-08 21:30:29"
"228","89","p2",NULL,NULL,NULL,NULL,NULL,NULL,"30","79","1009","1.67","180","Chatuchak","Thailand","2026-04-08 15:30:29","2026-04-08 22:30:29"
"229","99","p2",NULL,NULL,NULL,NULL,NULL,NULL,"30","79","1009","1.67","180","Chatuchak","Thailand","2026-04-08 16:30:29","2026-04-08 23:30:29"
"230","98","p2",NULL,NULL,NULL,NULL,NULL,NULL,"30","79","1009","1.67","180","Chatuchak","Thailand","2026-04-08 17:30:29","2026-04-09 00:30:29"
"231","95","p2",NULL,NULL,NULL,NULL,NULL,NULL,"29","84","1009","1.67","190","Chatuchak","Thailand","2026-04-08 18:30:29","2026-04-09 01:30:29"
"232","92","p2",NULL,NULL,NULL,NULL,NULL,NULL,"29","84","1008","1.67","180","Chatuchak","Thailand","2026-04-08 19:30:30","2026-04-09 02:30:30"
"233","92","p2",NULL,NULL,NULL,NULL,NULL,NULL,"29","84","1008","1.11","180","Chatuchak","Thailand","2026-04-08 20:30:29","2026-04-09 03:30:29"
"234","88","p2",NULL,NULL,NULL,NULL,NULL,NULL,"29","84","1008","1.11","180","Chatuchak","Thailand","2026-04-08 21:30:29","2026-04-09 04:30:29"
"235","88","p2",NULL,NULL,NULL,NULL,NULL,NULL,"29","84","1008","1.11","180","Chatuchak","Thailand","2026-04-08 22:30:29","2026-04-09 05:30:29"
"236","86","p2",NULL,NULL,NULL,NULL,NULL,NULL,"29","84","1009","1.11","180","Chatuchak","Thailand","2026-04-08 23:30:29","2026-04-09 06:30:29"
"237","86","p2",NULL,NULL,NULL,NULL,NULL,NULL,"29","84","1010","1.67","180","Chatuchak","Thailand","2026-04-09 00:30:29","2026-04-09 07:30:29"
"238","86","p2",NULL,NULL,NULL,NULL,NULL,NULL,"30","79","1010","1.94","180","Chatuchak","Thailand","2026-04-09 01:30:30","2026-04-09 08:30:30"
"239","86","p2",NULL,NULL,NULL,NULL,NULL,NULL,"32","71","1011","1.94","180","Chatuchak","Thailand","2026-04-09 02:30:29","2026-04-09 09:30:29"
"240","101","p2",NULL,NULL,NULL,NULL,NULL,NULL,"33","63","1012","2.5","180","Chatuchak","Thailand","2026-04-09 03:30:31","2026-04-09 10:30:31"
"241","96","p2",NULL,NULL,NULL,NULL,NULL,NULL,"34","60","1011","2.5","190","Chatuchak","Thailand","2026-04-09 04:30:29","2026-04-09 11:30:29"
"242","96","p2",NULL,NULL,NULL,NULL,NULL,NULL,"35","56","1011","2.5","200","Chatuchak","Thailand","2026-04-09 05:30:29","2026-04-09 12:30:29"
"243","87","p2",NULL,NULL,NULL,NULL,NULL,NULL,"36","53","1010","2.5","200","Chatuchak","Thailand","2026-04-09 06:30:29","2026-04-09 13:30:29"
"244","87","p2",NULL,NULL,NULL,NULL,NULL,NULL,"36","57","1009","1.94","200","Chatuchak","Thailand","2026-04-09 07:30:29","2026-04-09 14:30:29"
"245","77","p2",NULL,NULL,NULL,NULL,NULL,NULL,"35","56","1008","1.94","200","Chatuchak","Thailand","2026-04-09 08:30:30","2026-04-09 15:30:30"
"246","74","p2",NULL,NULL,NULL,NULL,NULL,NULL,"35","56","1007","1.94","200","Chatuchak","Thailand","2026-04-09 09:30:29","2026-04-09 16:30:29"
"247","72","p2",NULL,NULL,NULL,NULL,NULL,NULL,"34","60","1008","1.94","190","Chatuchak","Thailand","2026-04-09 10:30:29","2026-04-09 17:30:29"
"248","72","p2",NULL,NULL,NULL,NULL,NULL,NULL,"33","63","1008","1.94","180","Chatuchak","Thailand","2026-04-09 11:30:29","2026-04-09 18:30:29"
"249","78","p2",NULL,NULL,NULL,NULL,NULL,NULL,"32","66","1008","1.67","170","Chatuchak","Thailand","2026-04-09 12:30:29","2026-04-09 19:30:29"
"250","82","p2",NULL,NULL,NULL,NULL,NULL,NULL,"31","70","1009","1.67","170","Chatuchak","Thailand","2026-04-09 13:30:29","2026-04-09 20:30:29"
"251","82","p2",NULL,NULL,NULL,NULL,NULL,NULL,"30","79","1009","1.67","170","Chatuchak","Thailand","2026-04-09 14:30:29","2026-04-09 21:30:29"
"252","71","p2",NULL,NULL,NULL,NULL,NULL,NULL,"30","79","1010","1.67","180","Chatuchak","Thailand","2026-04-09 15:30:29","2026-04-09 22:30:29"
"253","71","p2",NULL,NULL,NULL,NULL,NULL,NULL,"30","79","1010","1.67","180","Chatuchak","Thailand","2026-04-09 16:30:29","2026-04-09 23:30:29"
"254","68","p2",NULL,NULL,NULL,NULL,NULL,NULL,"29","84","1009","1.67","180","Chatuchak","Thailand","2026-04-09 17:30:30","2026-04-10 00:30:30"
"255","65","p2",NULL,NULL,NULL,NULL,NULL,NULL,"29","84","1009","1.67","190","Chatuchak","Thailand","2026-04-09 18:30:29","2026-04-10 01:30:29"
"256","65","p2",NULL,NULL,NULL,NULL,NULL,NULL,"29","89","1009","1.11","190","Chatuchak","Thailand","2026-04-09 19:30:29","2026-04-10 02:30:29"
"257","67","p2",NULL,NULL,NULL,NULL,NULL,NULL,"29","84","1009","1.11","190","Chatuchak","Thailand","2026-04-09 20:30:30","2026-04-10 03:30:30"
"258","67","p2",NULL,NULL,NULL,NULL,NULL,NULL,"29","84","1009","0.56","190","Chatuchak","Thailand","2026-04-09 21:30:30","2026-04-10 04:30:30"
"259","68","p2",NULL,NULL,NULL,NULL,NULL,NULL,"29","84","1009","0.56","190","Chatuchak","Thailand","2026-04-09 22:30:30","2026-04-10 05:30:30"
"260","68","p2",NULL,NULL,NULL,NULL,NULL,NULL,"29","84","1010","1.11","190","Chatuchak","Thailand","2026-04-09 23:30:30","2026-04-10 06:30:30"
"261","75","p2",NULL,NULL,NULL,NULL,NULL,NULL,"29","89","1010","1.11","190","Chatuchak","Thailand","2026-04-10 00:30:29","2026-04-10 07:30:29"
"262","75","p2",NULL,NULL,NULL,NULL,NULL,NULL,"30","79","1011","1.11","190","Chatuchak","Thailand","2026-04-10 01:30:29","2026-04-10 08:30:29"
"263","77","p2",NULL,NULL,NULL,NULL,NULL,NULL,"32","71","1011","1.67","190","Chatuchak","Thailand","2026-04-10 02:30:29","2026-04-10 09:30:29"
"264","79","p2",NULL,NULL,NULL,NULL,NULL,NULL,"33","63","1012","1.94","190","Chatuchak","Thailand","2026-04-10 03:30:30","2026-04-10 10:30:30"
"265","83","p2",NULL,NULL,NULL,NULL,NULL,NULL,"34","60","1011","1.94","200","Chatuchak","Thailand","2026-04-10 04:30:29","2026-04-10 11:30:29"
"266","85","p2",NULL,NULL,NULL,NULL,NULL,NULL,"35","56","1011","2.5","210","Chatuchak","Thailand","2026-04-10 05:30:29","2026-04-10 12:30:29"
"267","85","p2",NULL,NULL,NULL,NULL,NULL,NULL,"36","53","1010","2.5","210","Chatuchak","Thailand","2026-04-10 06:30:29","2026-04-10 13:30:29"
"268","82","p2",NULL,NULL,NULL,NULL,NULL,NULL,"35","56","1009","1.94","210","Chatuchak","Thailand","2026-04-10 07:30:30","2026-04-10 14:30:30"
"269","79","p2",NULL,NULL,NULL,NULL,NULL,NULL,"35","56","1008","1.94","210","Chatuchak","Thailand","2026-04-10 08:30:29","2026-04-10 15:30:29"
"270","79","p2",NULL,NULL,NULL,NULL,NULL,NULL,"36","53","1007","1.94","220","Chatuchak","Thailand","2026-04-10 09:30:29","2026-04-10 16:30:29"
"271","79","p2",NULL,NULL,NULL,NULL,NULL,NULL,"34","60","1007","1.67","210","Chatuchak","Thailand","2026-04-10 10:30:29","2026-04-10 17:30:29"
"272","73","p2",NULL,NULL,NULL,NULL,NULL,NULL,"33","63","1007","1.67","210","Chatuchak","Thailand","2026-04-10 11:30:29","2026-04-10 18:30:29"
"273","71","p2",NULL,NULL,NULL,NULL,NULL,NULL,"32","66","1008","1.67","210","Chatuchak","Thailand","2026-04-10 12:30:30","2026-04-10 19:30:30"
"274","67","p2",NULL,NULL,NULL,NULL,NULL,NULL,"31","75","1008","1.67","200","Chatuchak","Thailand","2026-04-10 13:30:30","2026-04-10 20:30:30"
"275","64","p2",NULL,NULL,NULL,NULL,NULL,NULL,"30","79","1009","1.67","200","Chatuchak","Thailand","2026-04-10 14:30:29","2026-04-10 21:30:29"
"276","64","p2",NULL,NULL,NULL,NULL,NULL,NULL,"30","79","1009","1.67","190","Chatuchak","Thailand","2026-04-10 15:30:29","2026-04-10 22:30:29"
"277","61","p2",NULL,NULL,NULL,NULL,NULL,NULL,"30","79","1009","1.67","200","Chatuchak","Thailand","2026-04-10 16:30:30","2026-04-10 23:30:30"
"278","61","p2",NULL,NULL,NULL,NULL,NULL,NULL,"30","79","1009","1.67","200","Chatuchak","Thailand","2026-04-10 17:30:30","2026-04-11 00:30:30"
"279","60","p2",NULL,NULL,NULL,NULL,NULL,NULL,"29","84","1008","1.67","200","Chatuchak","Thailand","2026-04-10 18:30:30","2026-04-11 01:30:30"
"280","60","p2",NULL,NULL,NULL,NULL,NULL,NULL,"29","84","1008","1.11","190","Chatuchak","Thailand","2026-04-10 19:30:30","2026-04-11 02:30:30"
"281","61","p2",NULL,NULL,NULL,NULL,NULL,NULL,"29","84","1008","1.11","190","Chatuchak","Thailand","2026-04-10 20:30:30","2026-04-11 03:30:30"
"282","62","p2",NULL,NULL,NULL,NULL,NULL,NULL,"29","84","1008","0.56","180","Chatuchak","Thailand","2026-04-10 21:30:31","2026-04-11 04:30:31"
"283","62","p2",NULL,NULL,NULL,NULL,NULL,NULL,"29","84","1008","0.56","190","Chatuchak","Thailand","2026-04-10 22:30:29","2026-04-11 05:30:29"
"284","63","p2",NULL,NULL,NULL,NULL,NULL,NULL,"29","84","1009","0.56","190","Chatuchak","Thailand","2026-04-10 23:30:30","2026-04-11 06:30:30"
"285","63","p2",NULL,NULL,NULL,NULL,NULL,NULL,"29","84","1009","0.56","190","Chatuchak","Thailand","2026-04-11 00:30:30","2026-04-11 07:30:30"
"286","72","p2",NULL,NULL,NULL,NULL,NULL,NULL,"30","79","1010","1.11","200","Chatuchak","Thailand","2026-04-11 01:30:30","2026-04-11 08:30:30"
"287","88","p2",NULL,NULL,NULL,NULL,NULL,NULL,"32","71","1010","1.11","200","Chatuchak","Thailand","2026-04-11 02:30:30","2026-04-11 09:30:30"
"288","113","p2",NULL,NULL,NULL,NULL,NULL,NULL,"33","63","1011","1.67","200","Chatuchak","Thailand","2026-04-11 03:30:31","2026-04-11 10:30:31"
"289","126","p2",NULL,NULL,NULL,NULL,NULL,NULL,"34","60","1010","1.67","220","Chatuchak","Thailand","2026-04-11 04:30:30","2026-04-11 11:30:30"
"290","126","p2",NULL,NULL,NULL,NULL,NULL,NULL,"35","56","1009","1.94","220","Chatuchak","Thailand","2026-04-11 05:30:29","2026-04-11 12:30:29"
"291","98","p2",NULL,NULL,NULL,NULL,NULL,NULL,"36","53","1009","1.94","230","Chatuchak","Thailand","2026-04-11 06:30:30","2026-04-11 13:30:30"
"292","98","p2",NULL,NULL,NULL,NULL,NULL,NULL,"36","50","1008","1.67","260","Chatuchak","Thailand","2026-04-11 07:30:30","2026-04-11 14:30:30"
"293","98","p2",NULL,NULL,NULL,NULL,NULL,NULL,"36","50","1007","1.67","250","Chatuchak","Thailand","2026-04-11 08:30:30","2026-04-11 15:30:30"
"294","99","p2",NULL,NULL,NULL,NULL,NULL,NULL,"36","50","1006","1.11","220","Chatuchak","Thailand","2026-04-11 09:30:30","2026-04-11 16:30:30"
"295","95","p2",NULL,NULL,NULL,NULL,NULL,NULL,"35","53","1006","1.11","210","Chatuchak","Thailand","2026-04-11 10:30:29","2026-04-11 17:30:29"
"296","86","p2",NULL,NULL,NULL,NULL,NULL,NULL,"34","56","1006","1.11","200","Chatuchak","Thailand","2026-04-11 11:30:30","2026-04-11 18:30:30"
"297","81","p2",NULL,NULL,NULL,NULL,NULL,NULL,"32","63","1006","1.11","190","Chatuchak","Thailand","2026-04-11 12:30:30","2026-04-11 19:30:30"
"298","81","p2",NULL,NULL,NULL,NULL,NULL,NULL,"32","66","1007","1.11","190","Chatuchak","Thailand","2026-04-11 13:30:29","2026-04-11 20:30:29"
"299","69","p2",NULL,NULL,NULL,NULL,NULL,NULL,"31","70","1007","1.11","180","Chatuchak","Thailand","2026-04-11 14:30:29","2026-04-11 21:30:29"
"300","68","p2",NULL,NULL,NULL,NULL,NULL,NULL,"30","79","1008","1.11","170","Chatuchak","Thailand","2026-04-11 15:30:30","2026-04-11 22:30:30"
"301","69","p2",NULL,NULL,NULL,NULL,NULL,NULL,"30","79","1008","1.11","180","Chatuchak","Thailand","2026-04-11 16:30:29","2026-04-11 23:30:29"
"302","70","p2",NULL,NULL,NULL,NULL,NULL,NULL,"30","79","1007","1.11","190","Chatuchak","Thailand","2026-04-11 17:30:30","2026-04-12 00:30:30"
"303","72","p2",NULL,NULL,NULL,NULL,NULL,NULL,"30","79","1007","1.67","190","Chatuchak","Thailand","2026-04-11 18:30:30","2026-04-12 01:30:30"
"304","69","p2",NULL,NULL,NULL,NULL,NULL,NULL,"29","89","1007","1.67","190","Chatuchak","Thailand","2026-04-11 19:30:29","2026-04-12 02:30:29"
"305","65","p2",NULL,NULL,NULL,NULL,NULL,NULL,"29","84","1006","1.11","180","Chatuchak","Thailand","2026-04-11 20:30:30","2026-04-12 03:30:30"
"306","61","p2",NULL,NULL,NULL,NULL,NULL,NULL,"29","84","1006","1.11","180","Chatuchak","Thailand","2026-04-11 21:30:30","2026-04-12 04:30:30"
"307","61","p2",NULL,NULL,NULL,NULL,NULL,NULL,"29","84","1007","1.11","180","Chatuchak","Thailand","2026-04-11 22:30:30","2026-04-12 05:30:30"
"308","58","p2",NULL,NULL,NULL,NULL,NULL,NULL,"29","84","1007","1.11","180","Chatuchak","Thailand","2026-04-11 23:30:29","2026-04-12 06:30:29"
"309","60","p2",NULL,NULL,NULL,NULL,NULL,NULL,"29","84","1008","1.11","180","Chatuchak","Thailand","2026-04-12 00:30:30","2026-04-12 07:30:30"
"310","76","p2",NULL,NULL,NULL,NULL,NULL,NULL,"31","75","1008","1.11","190","Chatuchak","Thailand","2026-04-12 01:30:29","2026-04-12 08:30:29"
"311","112","p2",NULL,NULL,NULL,NULL,NULL,NULL,"32","66","1009","1.67","190","Chatuchak","Thailand","2026-04-12 02:30:31","2026-04-12 09:30:31"
"312","133","p2",NULL,NULL,NULL,NULL,NULL,NULL,"34","60","1009","1.67","200","Chatuchak","Thailand","2026-04-12 03:30:30","2026-04-12 10:30:30"
"313","133","p2",NULL,NULL,NULL,NULL,NULL,NULL,"34","56","1008","1.94","210","Chatuchak","Thailand","2026-04-12 04:30:29","2026-04-12 11:30:29"
"314","138","p2",NULL,NULL,NULL,NULL,NULL,NULL,"35","53","1008","1.94","220","Chatuchak","Thailand","2026-04-12 05:30:30","2026-04-12 12:30:30"
"315","138","p2",NULL,NULL,NULL,NULL,NULL,NULL,"36","50","1007","1.94","230","Chatuchak","Thailand","2026-04-12 06:30:30","2026-04-12 13:30:30"
"316","111","p2",NULL,NULL,NULL,NULL,NULL,NULL,"36","47","1006","1.94","240","Chatuchak","Thailand","2026-04-12 07:30:30","2026-04-12 14:30:30"
"317","111","p2",NULL,NULL,NULL,NULL,NULL,NULL,"36","47","1005","1.67","240","Chatuchak","Thailand","2026-04-12 08:30:30","2026-04-12 15:30:30"
"318","88","p2",NULL,NULL,NULL,NULL,NULL,NULL,"36","47","1005","1.67","240","Chatuchak","Thailand","2026-04-12 09:30:31","2026-04-12 16:30:31"
"319","79","p2",NULL,NULL,NULL,NULL,NULL,NULL,"35","50","1005","1.67","230","Chatuchak","Thailand","2026-04-12 10:30:30","2026-04-12 17:30:30"
"320","80","p2",NULL,NULL,NULL,NULL,NULL,NULL,"34","56","1005","1.11","220","Chatuchak","Thailand","2026-04-12 11:30:30","2026-04-12 18:30:30"
"321","80","p2",NULL,NULL,NULL,NULL,NULL,NULL,"32","63","1005","1.11","190","Chatuchak","Thailand","2026-04-12 12:30:30","2026-04-12 19:30:30"
"322","66","p2",NULL,NULL,NULL,NULL,NULL,NULL,"32","63","1006","1.11","180","Chatuchak","Thailand","2026-04-12 13:30:30","2026-04-12 20:30:30"
"323","64","p2",NULL,NULL,NULL,NULL,NULL,NULL,"31","70","1007","1.11","160","Chatuchak","Thailand","2026-04-12 14:30:30","2026-04-12 21:30:30"
"324","64","p2",NULL,NULL,NULL,NULL,NULL,NULL,"31","75","1007","1.11","150","Chatuchak","Thailand","2026-04-12 15:30:30","2026-04-12 22:30:30"
"325","69","p2",NULL,NULL,NULL,NULL,NULL,NULL,"30","79","1007","1.11","160","Chatuchak","Thailand","2026-04-12 16:30:30","2026-04-12 23:30:30"
"326","69","p2",NULL,NULL,NULL,NULL,NULL,NULL,"30","79","1007","1.11","170","Chatuchak","Thailand","2026-04-12 17:30:30","2026-04-13 00:30:30"
"327","60","p2",NULL,NULL,NULL,NULL,NULL,NULL,"30","79","1007","1.67","180","Chatuchak","Thailand","2026-04-12 18:30:30","2026-04-13 01:30:30"
"328","58","p2",NULL,NULL,NULL,NULL,NULL,NULL,"30","79","1007","1.67","180","Chatuchak","Thailand","2026-04-12 19:30:30","2026-04-13 02:30:30"
"329","59","p2",NULL,NULL,NULL,NULL,NULL,NULL,"30","79","1006","1.11","180","Chatuchak","Thailand","2026-04-12 20:30:30","2026-04-13 03:30:30"
"330","59","p2",NULL,NULL,NULL,NULL,NULL,NULL,"30","79","1006","1.11","170","Chatuchak","Thailand","2026-04-12 21:30:30","2026-04-13 04:30:30"
"331","60","p2",NULL,NULL,NULL,NULL,NULL,NULL,"30","79","1007","1.11","180","Chatuchak","Thailand","2026-04-12 22:30:30","2026-04-13 05:30:30"
"332","60","p2",NULL,NULL,NULL,NULL,NULL,NULL,"30","79","1008","1.11","190","Chatuchak","Thailand","2026-04-12 23:30:30","2026-04-13 06:30:30"
"333","69","p2",NULL,NULL,NULL,NULL,NULL,NULL,"29","84","1008","1.11","200","Chatuchak","Thailand","2026-04-13 00:30:30","2026-04-13 07:30:30"
"334","69","p2",NULL,NULL,NULL,NULL,NULL,NULL,"31","70","1009","1.11","200","Chatuchak","Thailand","2026-04-13 01:30:30","2026-04-13 08:30:30"
"335","116","p2",NULL,NULL,NULL,NULL,NULL,NULL,"32","66","1010","1.67","200","Chatuchak","Thailand","2026-04-13 02:30:30","2026-04-13 09:30:30"
"336","116","p2",NULL,NULL,NULL,NULL,NULL,NULL,"34","56","1010","1.67","210","Chatuchak","Thailand","2026-04-13 03:30:30","2026-04-13 10:30:30"
"337","103","p2",NULL,NULL,NULL,NULL,NULL,NULL,"35","53","1010","1.94","210","Chatuchak","Thailand","2026-04-13 04:30:30","2026-04-13 11:30:30"
"338","109","p2",NULL,NULL,NULL,NULL,NULL,NULL,"36","50","1009","1.94","220","Chatuchak","Thailand","2026-04-13 05:30:30","2026-04-13 12:30:30"
"339","106","p2",NULL,NULL,NULL,NULL,NULL,NULL,"36","50","1008","1.94","220","Chatuchak","Thailand","2026-04-13 06:30:30","2026-04-13 13:30:30"
"340","106","p2",NULL,NULL,NULL,NULL,NULL,NULL,"37","48","1008","2.5","200","Chatuchak","Thailand","2026-04-13 07:30:30","2026-04-13 14:30:30"
"341","61","p2",NULL,NULL,NULL,NULL,NULL,NULL,"37","48","1007","1.94","200","Chatuchak","Thailand","2026-04-13 08:30:30","2026-04-13 15:30:30"
"342","61","p2",NULL,NULL,NULL,NULL,NULL,NULL,"37","48","1006","1.94","200","Chatuchak","Thailand","2026-04-13 09:30:30","2026-04-13 16:30:30"
"343","59","p2",NULL,NULL,NULL,NULL,NULL,NULL,"35","53","1006","1.94","190","Chatuchak","Thailand","2026-04-13 10:30:31","2026-04-13 17:30:31"
"344","60","p2",NULL,NULL,NULL,NULL,NULL,NULL,"34","56","1007","1.94","190","Chatuchak","Thailand","2026-04-13 11:30:30","2026-04-13 18:30:30"
"345","60","p2",NULL,NULL,NULL,NULL,NULL,NULL,"32","63","1007","1.67","180","Chatuchak","Thailand","2026-04-13 12:30:30","2026-04-13 19:30:30"
"346","65","p2",NULL,NULL,NULL,NULL,NULL,NULL,"32","66","1008","1.67","180","Chatuchak","Thailand","2026-04-13 13:30:30","2026-04-13 20:30:30"
"347","65","p2",NULL,NULL,NULL,NULL,NULL,NULL,"31","70","1008","1.67","170","Chatuchak","Thailand","2026-04-13 14:30:30","2026-04-13 21:30:30"
"348","62","p2",NULL,NULL,NULL,NULL,NULL,NULL,"31","75","1009","1.67","160","Chatuchak","Thailand","2026-04-13 15:30:30","2026-04-13 22:30:30"
"349","60","p2",NULL,NULL,NULL,NULL,NULL,NULL,"30","79","1008","1.67","170","Chatuchak","Thailand","2026-04-13 16:30:30","2026-04-13 23:30:30"
"350","59","p2",NULL,NULL,NULL,NULL,NULL,NULL,"30","79","1008","1.67","180","Chatuchak","Thailand","2026-04-13 17:30:30","2026-04-14 00:30:30"
"351","61","p2",NULL,NULL,NULL,NULL,NULL,NULL,"30","79","1008","1.67","190","Chatuchak","Thailand","2026-04-13 18:30:30","2026-04-14 01:30:30"
"352","61","p2",NULL,NULL,NULL,NULL,NULL,NULL,"30","84","1008","1.67","180","Chatuchak","Thailand","2026-04-13 19:30:30","2026-04-14 02:30:30"
"353","62","p2",NULL,NULL,NULL,NULL,NULL,NULL,"30","84","1008","1.11","180","Chatuchak","Thailand","2026-04-13 20:30:30","2026-04-14 03:30:30"
"354","67","p2",NULL,NULL,NULL,NULL,NULL,NULL,"30","84","1007","1.11","180","Chatuchak","Thailand","2026-04-13 21:30:31","2026-04-14 04:30:31"
"355","67","p2",NULL,NULL,NULL,NULL,NULL,NULL,"30","84","1008","1.11","180","Chatuchak","Thailand","2026-04-13 22:30:30","2026-04-14 05:30:30"
"356","73","p2",NULL,NULL,NULL,NULL,NULL,NULL,"30","84","1008","1.11","180","Chatuchak","Thailand","2026-04-13 23:30:30","2026-04-14 06:30:30"
"357","85","p2",NULL,NULL,NULL,NULL,NULL,NULL,"30","84","1009","1.11","180","Chatuchak","Thailand","2026-04-14 00:30:30","2026-04-14 07:30:30"
"358","98","p2",NULL,NULL,NULL,NULL,NULL,NULL,"31","75","1010","1.67","190","Chatuchak","Thailand","2026-04-14 01:30:30","2026-04-14 08:30:30"
"359","103","p2",NULL,NULL,NULL,NULL,NULL,NULL,"32","71","1010","1.67","190","Chatuchak","Thailand","2026-04-14 02:30:30","2026-04-14 09:30:30"
"360","110","p2",NULL,NULL,NULL,NULL,NULL,NULL,"34","63","1010","1.94","200","Chatuchak","Thailand","2026-04-14 03:30:30","2026-04-14 10:30:30"
"361","110","p2",NULL,NULL,NULL,NULL,NULL,NULL,"34","60","1010","1.94","200","Chatuchak","Thailand","2026-04-14 04:30:30","2026-04-14 11:30:30"
"362","120","p2",NULL,NULL,NULL,NULL,NULL,NULL,"35","56","1009","1.94","210","Chatuchak","Thailand","2026-04-14 05:30:31","2026-04-14 12:30:31"
"363","118","p2",NULL,NULL,NULL,NULL,NULL,NULL,"36","50","1008","2.5","220","Chatuchak","Thailand","2026-04-14 06:30:30","2026-04-14 13:30:30"
"364","108","p2",NULL,NULL,NULL,NULL,NULL,NULL,"36","50","1008","1.94","220","Chatuchak","Thailand","2026-04-14 07:30:30","2026-04-14 14:30:30"
"365","110","p2",NULL,NULL,NULL,NULL,NULL,NULL,"36","50","1007","1.94","220","Chatuchak","Thailand","2026-04-14 08:30:30","2026-04-14 15:30:30"
"366","110","p2",NULL,NULL,NULL,NULL,NULL,NULL,"36","50","1006","1.67","220","Chatuchak","Thailand","2026-04-14 09:30:30","2026-04-14 16:30:30"
"367","92","p2",NULL,NULL,NULL,NULL,NULL,NULL,"35","53","1006","1.67","210","Chatuchak","Thailand","2026-04-14 10:30:30","2026-04-14 17:30:30"
"368","81","p2",NULL,NULL,NULL,NULL,NULL,NULL,"34","56","1006","1.67","200","Chatuchak","Thailand","2026-04-14 11:30:30","2026-04-14 18:30:30"
"369","93","p2",NULL,NULL,NULL,NULL,NULL,NULL,"32","66","1006","1.67","190","Chatuchak","Thailand","2026-04-14 12:30:30","2026-04-14 19:30:30"
"370","90","p2",NULL,NULL,NULL,NULL,NULL,NULL,"32","66","1007","1.67","190","Chatuchak","Thailand","2026-04-14 13:30:30","2026-04-14 20:30:30"
"371","90","p2",NULL,NULL,NULL,NULL,NULL,NULL,"31","75","1007","1.67","180","Chatuchak","Thailand","2026-04-14 14:30:30","2026-04-14 21:30:30"
"372","90","p2",NULL,NULL,NULL,NULL,NULL,NULL,"30","79","1008","1.67","180","Chatuchak","Thailand","2026-04-14 15:30:30","2026-04-14 22:30:30"
"373","90","p2",NULL,NULL,NULL,NULL,NULL,NULL,"30","79","1007","1.67","180","Chatuchak","Thailand","2026-04-14 16:30:30","2026-04-14 23:30:30"
"374","69","p2",NULL,NULL,NULL,NULL,NULL,NULL,"30","79","1007","1.67","190","Chatuchak","Thailand","2026-04-14 17:30:30","2026-04-15 00:30:30"
"375","69","p2",NULL,NULL,NULL,NULL,NULL,NULL,"30","79","1007","1.67","190","Chatuchak","Thailand","2026-04-14 18:30:30","2026-04-15 01:30:30"
"376","70","p2",NULL,NULL,NULL,NULL,NULL,NULL,"30","84","1006","1.67","190","Chatuchak","Thailand","2026-04-14 19:30:30","2026-04-15 02:30:30"
"377","70","p2",NULL,NULL,NULL,NULL,NULL,NULL,"30","84","1006","1.11","190","Chatuchak","Thailand","2026-04-14 20:30:30","2026-04-15 03:30:30"
"378","70","p2",NULL,NULL,NULL,NULL,NULL,NULL,"30","84","1006","1.11","190","Chatuchak","Thailand","2026-04-14 21:30:30","2026-04-15 04:30:30"
"379","70","p2",NULL,NULL,NULL,NULL,NULL,NULL,"30","84","1006","1.11","190","Chatuchak","Thailand","2026-04-14 22:30:30","2026-04-15 05:30:30"
"380","69","p2",NULL,NULL,NULL,NULL,NULL,NULL,"30","84","1007","1.11","190","Chatuchak","Thailand","2026-04-14 23:30:30","2026-04-15 06:30:30"
"381","69","p2",NULL,NULL,NULL,NULL,NULL,NULL,"29","89","1008","1.11","190","Chatuchak","Thailand","2026-04-15 00:30:32","2026-04-15 07:30:32"
"382","75","p2",NULL,NULL,NULL,NULL,NULL,NULL,"31","75","1008","1.67","200","Chatuchak","Thailand","2026-04-15 01:30:30","2026-04-15 08:30:30"
"383","89","p2",NULL,NULL,NULL,NULL,NULL,NULL,"32","71","1009","1.67","200","Chatuchak","Thailand","2026-04-15 02:30:30","2026-04-15 09:30:30"
"384","102","p2",NULL,NULL,NULL,NULL,NULL,NULL,"34","63","1009","1.94","200","Chatuchak","Thailand","2026-04-15 03:30:30","2026-04-15 10:30:30"
"385","102","p2",NULL,NULL,NULL,NULL,NULL,NULL,"34","63","1009","1.94","210","Chatuchak","Thailand","2026-04-15 04:30:30","2026-04-15 11:30:30"
"386","103","p2",NULL,NULL,NULL,NULL,NULL,NULL,"35","56","1008","1.94","210","Chatuchak","Thailand","2026-04-15 05:30:30","2026-04-15 12:30:30"
"387","116","p2",NULL,NULL,NULL,NULL,NULL,NULL,"36","53","1008","2.5","210","Chatuchak","Thailand","2026-04-15 06:30:30","2026-04-15 13:30:30"
"388","116","p2",NULL,NULL,NULL,NULL,NULL,NULL,"36","57","1007","2.5","210","Chatuchak","Thailand","2026-04-15 07:30:30","2026-04-15 14:30:30"
"389","115","p2",NULL,NULL,NULL,NULL,NULL,NULL,"36","53","1006","2.5","210","Chatuchak","Thailand","2026-04-15 08:30:30","2026-04-15 15:30:30"
"390","88","p2",NULL,NULL,NULL,NULL,NULL,NULL,"36","50","1005","1.94","200","Chatuchak","Thailand","2026-04-15 09:30:30","2026-04-15 16:30:30"
"391","74","p2",NULL,NULL,NULL,NULL,NULL,NULL,"35","56","1005","1.94","200","Chatuchak","Thailand","2026-04-15 10:30:30","2026-04-15 17:30:30"
"392","74","p2",NULL,NULL,NULL,NULL,NULL,NULL,"34","60","1005","1.94","190","Chatuchak","Thailand","2026-04-15 11:30:30","2026-04-15 18:30:30"
"393","74","p2",NULL,NULL,NULL,NULL,NULL,NULL,"32","66","1006","1.67","190","Chatuchak","Thailand","2026-04-15 12:30:30","2026-04-15 19:30:30"
"394","73","p2",NULL,NULL,NULL,NULL,NULL,NULL,"32","66","1006","1.67","180","Chatuchak","Thailand","2026-04-15 13:30:30","2026-04-15 20:30:30"
"395","73","p2",NULL,NULL,NULL,NULL,NULL,NULL,"31","75","1007","1.67","170","Chatuchak","Thailand","2026-04-15 14:30:30","2026-04-15 21:30:30"
"396","67","p2",NULL,NULL,NULL,NULL,NULL,NULL,"31","75","1007","1.67","160","Chatuchak","Thailand","2026-04-15 15:30:30","2026-04-15 22:30:30"
"397","64","p2",NULL,NULL,NULL,NULL,NULL,NULL,"30","79","1007","1.67","170","Chatuchak","Thailand","2026-04-15 17:30:04","2026-04-16 00:30:04"
"398","64","p2",NULL,NULL,NULL,NULL,NULL,NULL,"30","79","1007","1.67","180","Chatuchak","Thailand","2026-04-15 18:30:04","2026-04-16 01:30:04"
"399","64","p2",NULL,NULL,NULL,NULL,NULL,NULL,"30","84","1006","0.56","190","Chatuchak","Thailand","2026-04-15 19:30:04","2026-04-16 02:30:04"
"400","64","p2",NULL,NULL,NULL,NULL,NULL,NULL,"30","84","1006","0.56","190","Chatuchak","Thailand","2026-04-15 20:30:04","2026-04-16 03:30:04"
"401","66","p2",NULL,NULL,NULL,NULL,NULL,NULL,"30","84","1006","0.56","190","Chatuchak","Thailand","2026-04-15 21:30:04","2026-04-16 04:30:04"
"402","66","p2",NULL,NULL,NULL,NULL,NULL,NULL,"30","84","1007","1.11","180","Chatuchak","Thailand","2026-04-15 22:30:04","2026-04-16 05:30:04"
"403","67","p2",NULL,NULL,NULL,NULL,NULL,NULL,"30","84","1007","1.11","180","Chatuchak","Thailand","2026-04-15 23:30:04","2026-04-16 06:30:04"
"404","67","p2",NULL,NULL,NULL,NULL,NULL,NULL,"30","84","1008","1.11","180","Chatuchak","Thailand","2026-04-16 00:30:05","2026-04-16 07:30:05"
"405","93","p2",NULL,NULL,NULL,NULL,NULL,NULL,"31","79","1008","1.11","190","Chatuchak","Thailand","2026-04-16 01:30:04","2026-04-16 08:30:04"
"406","99","p2",NULL,NULL,NULL,NULL,NULL,NULL,"32","71","1009","1.67","200","Chatuchak","Thailand","2026-04-16 02:30:04","2026-04-16 09:30:04"
"407","104","p2",NULL,NULL,NULL,NULL,NULL,NULL,"33","67","1009","1.94","200","Chatuchak","Thailand","2026-04-16 03:30:04","2026-04-16 10:30:04"
"408","104","p2",NULL,NULL,NULL,NULL,NULL,NULL,"34","63","1009","1.94","210","Chatuchak","Thailand","2026-04-16 04:30:05","2026-04-16 11:30:05"
"409","95","p2",NULL,NULL,NULL,NULL,NULL,NULL,"35","60","1008","1.94","210","Chatuchak","Thailand","2026-04-16 05:30:04","2026-04-16 12:30:04"
"410","93","p2",NULL,NULL,NULL,NULL,NULL,NULL,"36","57","1008","2.5","220","Chatuchak","Thailand","2026-04-16 06:30:04","2026-04-16 13:30:04"
"411","93","p2",NULL,NULL,NULL,NULL,NULL,NULL,"36","57","1007","1.94","210","Chatuchak","Thailand","2026-04-16 07:30:04","2026-04-16 14:30:04"
"412","93","p2",NULL,NULL,NULL,NULL,NULL,NULL,"36","53","1006","1.94","220","Chatuchak","Thailand","2026-04-16 08:30:04","2026-04-16 15:30:04"
"413","93","p2",NULL,NULL,NULL,NULL,NULL,NULL,"36","53","1005","1.94","220","Chatuchak","Thailand","2026-04-16 09:30:04","2026-04-16 16:30:04"
"414","93","p2",NULL,NULL,NULL,NULL,NULL,NULL,"35","56","1005","1.67","220","Chatuchak","Thailand","2026-04-16 10:30:04","2026-04-16 17:30:04"
"415","86","p2",NULL,NULL,NULL,NULL,NULL,NULL,"34","60","1005","1.67","200","Chatuchak","Thailand","2026-04-16 11:30:04","2026-04-16 18:30:04"
"416","80","p2",NULL,NULL,NULL,NULL,NULL,NULL,"32","66","1006","1.67","190","Chatuchak","Thailand","2026-04-16 12:30:04","2026-04-16 19:30:04"
"417","80","p2",NULL,NULL,NULL,NULL,NULL,NULL,"32","71","1006","1.67","180","Chatuchak","Thailand","2026-04-16 13:30:04","2026-04-16 20:30:04"
"418","74","p2",NULL,NULL,NULL,NULL,NULL,NULL,"31","75","1007","1.11","180","Chatuchak","Thailand","2026-04-16 14:30:04","2026-04-16 21:30:04"
"419","71","p2",NULL,NULL,NULL,NULL,NULL,NULL,"31","75","1008","1.11","170","Chatuchak","Thailand","2026-04-16 15:30:06","2026-04-16 22:30:06"
"420","71","p2",NULL,NULL,NULL,NULL,NULL,NULL,"30","79","1007","1.11","180","Chatuchak","Thailand","2026-04-16 16:30:04","2026-04-16 23:30:04"
"421","65","p2",NULL,NULL,NULL,NULL,NULL,NULL,"30","79","1007","1.11","180","Chatuchak","Thailand","2026-04-16 17:30:04","2026-04-17 00:30:04"
"422","65","p2",NULL,NULL,NULL,NULL,NULL,NULL,"30","84","1007","1.11","180","Chatuchak","Thailand","2026-04-16 18:30:04","2026-04-17 01:30:04"
"423","65","p2",NULL,NULL,NULL,NULL,NULL,NULL,"30","84","1007","1.67","180","Chatuchak","Thailand","2026-04-16 19:30:04","2026-04-17 02:30:04"
"424","65","p2",NULL,NULL,NULL,NULL,NULL,NULL,"30","84","1007","1.67","180","Chatuchak","Thailand","2026-04-16 20:30:04","2026-04-17 03:30:04"
"425","67","p2",NULL,NULL,NULL,NULL,NULL,NULL,"29","89","1007","1.11","180","Chatuchak","Thailand","2026-04-16 21:30:04","2026-04-17 04:30:04"
"426","67","p2",NULL,NULL,NULL,NULL,NULL,NULL,"30","84","1007","1.11","180","Chatuchak","Thailand","2026-04-16 22:30:04","2026-04-17 05:30:04"
"427","69","p2",NULL,NULL,NULL,NULL,NULL,NULL,"30","84","1008","1.11","190","Chatuchak","Thailand","2026-04-16 23:30:04","2026-04-17 06:30:04"
"428","73","p2",NULL,NULL,NULL,NULL,NULL,NULL,"30","84","1008","1.11","190","Chatuchak","Thailand","2026-04-17 00:30:04","2026-04-17 07:30:04"
"429","75","p2",NULL,NULL,NULL,NULL,NULL,NULL,"31","79","1009","1.11","190","Chatuchak","Thailand","2026-04-17 01:30:05","2026-04-17 08:30:05"
"430","87","p2",NULL,NULL,NULL,NULL,NULL,NULL,"32","71","1010","1.67","200","Chatuchak","Thailand","2026-04-17 02:30:04","2026-04-17 09:30:04"
"431","87","p2",NULL,NULL,NULL,NULL,NULL,NULL,"34","63","1010","1.94","200","Chatuchak","Thailand","2026-04-17 03:30:04","2026-04-17 10:30:04"
"432","107","p2",NULL,NULL,NULL,NULL,NULL,NULL,"34","63","1009","1.94","200","Chatuchak","Thailand","2026-04-17 04:30:05","2026-04-17 11:30:05"
"433","106","p2",NULL,NULL,NULL,NULL,NULL,NULL,"35","60","1009","1.94","210","Chatuchak","Thailand","2026-04-17 05:30:04","2026-04-17 12:30:04"
"434","106","p2",NULL,NULL,NULL,NULL,NULL,NULL,"36","57","1008","2.5","210","Chatuchak","Thailand","2026-04-17 06:30:04","2026-04-17 13:30:04"
"435","92","p2",NULL,NULL,NULL,NULL,NULL,NULL,"36","60","1007","2.5","200","Chatuchak","Thailand","2026-04-17 07:30:04","2026-04-17 14:30:04"
"436","86","p2",NULL,NULL,NULL,NULL,NULL,NULL,"36","57","1006","1.94","200","Chatuchak","Thailand","2026-04-17 08:30:04","2026-04-17 15:30:04"
"437","86","p2",NULL,NULL,NULL,NULL,NULL,NULL,"36","57","1006","1.94","200","Chatuchak","Thailand","2026-04-17 09:30:04","2026-04-17 16:30:04"
"438","85","p2",NULL,NULL,NULL,NULL,NULL,NULL,"34","63","1006","1.94","200","Chatuchak","Thailand","2026-04-17 10:30:04","2026-04-17 17:30:04"
"439","85","p2",NULL,NULL,NULL,NULL,NULL,NULL,"33","67","1006","1.94","200","Chatuchak","Thailand","2026-04-17 11:30:04","2026-04-17 18:30:04"
"440","85","p2",NULL,NULL,NULL,NULL,NULL,NULL,"32","71","1006","1.94","190","Chatuchak","Thailand","2026-04-17 12:30:05","2026-04-17 19:30:05"
"441","72","p2",NULL,NULL,NULL,NULL,NULL,NULL,"32","71","1007","1.94","190","Chatuchak","Thailand","2026-04-17 13:30:04","2026-04-17 20:30:04"
"442","72","p2",NULL,NULL,NULL,NULL,NULL,NULL,"31","75","1008","1.67","190","Chatuchak","Thailand","2026-04-17 14:30:04","2026-04-17 21:30:04"
"443","65","p2",NULL,NULL,NULL,NULL,NULL,NULL,"31","75","1008","1.67","190","Chatuchak","Thailand","2026-04-17 15:30:04","2026-04-17 22:30:04"
"444","65","p2",NULL,NULL,NULL,NULL,NULL,NULL,"30","79","1008","1.67","190","Chatuchak","Thailand","2026-04-17 16:30:04","2026-04-17 23:30:04"
"445","65","p2",NULL,NULL,NULL,NULL,NULL,NULL,"30","79","1008","1.67","190","Chatuchak","Thailand","2026-04-17 17:30:04","2026-04-18 00:30:04"
"446","65","p2",NULL,NULL,NULL,NULL,NULL,NULL,"30","79","1008","1.67","190","Chatuchak","Thailand","2026-04-17 18:30:04","2026-04-18 01:30:04"
"447","65","p2",NULL,NULL,NULL,NULL,NULL,NULL,"30","84","1008","1.67","190","Chatuchak","Thailand","2026-04-17 19:30:04","2026-04-18 02:30:04"
"448","64","p2",NULL,NULL,NULL,NULL,NULL,NULL,"30","84","1007","1.67","190","Chatuchak","Thailand","2026-04-17 20:30:04","2026-04-18 03:30:04"
"449","64","p2",NULL,NULL,NULL,NULL,NULL,NULL,"30","79","1007","1.11","200","Chatuchak","Thailand","2026-04-17 21:30:04","2026-04-18 04:30:04"
"450","65","p2",NULL,NULL,NULL,NULL,NULL,NULL,"30","79","1008","1.11","190","Chatuchak","Thailand","2026-04-17 22:30:04","2026-04-18 05:30:04"
"451","67","p2",NULL,NULL,NULL,NULL,NULL,NULL,"30","84","1008","1.11","190","Chatuchak","Thailand","2026-04-17 23:30:04","2026-04-18 06:30:04"
"452","67","p2",NULL,NULL,NULL,NULL,NULL,NULL,"30","84","1008","1.11","180","Chatuchak","Thailand","2026-04-18 00:30:04","2026-04-18 07:30:04"
"453","68","p2",NULL,NULL,NULL,NULL,NULL,NULL,"31","79","1009","1.67","190","Chatuchak","Thailand","2026-04-18 01:30:04","2026-04-18 08:30:04"
"454","68","p2",NULL,NULL,NULL,NULL,NULL,NULL,"32","71","1009","1.67","190","Chatuchak","Thailand","2026-04-18 02:30:04","2026-04-18 09:30:04"
"455","82","p2",NULL,NULL,NULL,NULL,NULL,NULL,"34","63","1010","1.94","200","Chatuchak","Thailand","2026-04-18 03:30:04","2026-04-18 10:30:04"
"456","94","p2",NULL,NULL,NULL,NULL,NULL,NULL,"34","63","1009","1.94","200","Chatuchak","Thailand","2026-04-18 04:30:04","2026-04-18 11:30:04"
"457","98","p2",NULL,NULL,NULL,NULL,NULL,NULL,"35","60","1008","1.94","210","Chatuchak","Thailand","2026-04-18 05:30:04","2026-04-18 12:30:04"
"458","98","p2",NULL,NULL,NULL,NULL,NULL,NULL,"36","57","1008","2.5","210","Chatuchak","Thailand","2026-04-18 06:30:04","2026-04-18 13:30:04"
"459","100","p2",NULL,NULL,NULL,NULL,NULL,NULL,"36","57","1007","2.5","200","Chatuchak","Thailand","2026-04-18 07:30:04","2026-04-18 14:30:04"
"460","100","p2",NULL,NULL,NULL,NULL,NULL,NULL,"36","57","1006","2.5","200","Chatuchak","Thailand","2026-04-18 08:30:04","2026-04-18 15:30:04"
"461","100","p2",NULL,NULL,NULL,NULL,NULL,NULL,"36","57","1005","1.94","200","Chatuchak","Thailand","2026-04-18 09:30:04","2026-04-18 16:30:04"
"462","100","p2",NULL,NULL,NULL,NULL,NULL,NULL,"34","63","1006","1.94","200","Chatuchak","Thailand","2026-04-18 10:30:04","2026-04-18 17:30:04"
"463","100","p2",NULL,NULL,NULL,NULL,NULL,NULL,"33","67","1006","1.94","200","Chatuchak","Thailand","2026-04-18 11:30:04","2026-04-18 18:30:04"
"464","109","p2",NULL,NULL,NULL,NULL,NULL,NULL,"32","71","1006","1.94","190","Chatuchak","Thailand","2026-04-18 12:30:04","2026-04-18 19:30:04"
"465","61","p2",NULL,NULL,NULL,NULL,NULL,NULL,"31","75","1007","1.94","190","Chatuchak","Thailand","2026-04-18 13:30:04","2026-04-18 20:30:04"
"466","61","p2",NULL,NULL,NULL,NULL,NULL,NULL,"31","75","1008","1.67","180","Chatuchak","Thailand","2026-04-18 14:30:04","2026-04-18 21:30:04"
"467","57","p2",NULL,NULL,NULL,NULL,NULL,NULL,"30","79","1008","1.67","180","Chatuchak","Thailand","2026-04-18 15:30:05","2026-04-18 22:30:05"
"468","55","p2",NULL,NULL,NULL,NULL,NULL,NULL,"30","79","1008","1.67","180","Chatuchak","Thailand","2026-04-18 16:30:04","2026-04-18 23:30:04"
"469","55","p2",NULL,NULL,NULL,NULL,NULL,NULL,"30","79","1008","1.67","180","Chatuchak","Thailand","2026-04-18 17:30:04","2026-04-19 00:30:04"
"470","55","p2",NULL,NULL,NULL,NULL,NULL,NULL,"30","79","1008","1.67","190","Chatuchak","Thailand","2026-04-18 18:30:05","2026-04-19 01:30:05"
"471","57","p2",NULL,NULL,NULL,NULL,NULL,NULL,"30","79","1007","1.11","180","Chatuchak","Thailand","2026-04-18 19:30:04","2026-04-19 02:30:04"
"472","57","p2",NULL,NULL,NULL,NULL,NULL,NULL,"30","79","1007","1.11","180","Chatuchak","Thailand","2026-04-18 20:30:04","2026-04-19 03:30:04"
"473","60","p2",NULL,NULL,NULL,NULL,NULL,NULL,"30","79","1007","1.11","180","Chatuchak","Thailand","2026-04-18 21:30:05","2026-04-19 04:30:05"
"474","62","p2",NULL,NULL,NULL,NULL,NULL,NULL,"30","79","1007","1.11","170","Chatuchak","Thailand","2026-04-18 22:30:04","2026-04-19 05:30:04"
"475","62","p2",NULL,NULL,NULL,NULL,NULL,NULL,"30","79","1008","1.11","170","Chatuchak","Thailand","2026-04-18 23:30:04","2026-04-19 06:30:04"
"476","65","p2",NULL,NULL,NULL,NULL,NULL,NULL,"30","79","1008","1.67","170","Chatuchak","Thailand","2026-04-19 00:30:04","2026-04-19 07:30:04"
"477","65","p2",NULL,NULL,NULL,NULL,NULL,NULL,"31","75","1009","1.67","180","Chatuchak","Thailand","2026-04-19 01:30:04","2026-04-19 08:30:04"
"478","65","p2",NULL,NULL,NULL,NULL,NULL,NULL,"32","71","1009","1.67","180","Chatuchak","Thailand","2026-04-19 02:30:04","2026-04-19 09:30:04"
"479","65","p2",NULL,NULL,NULL,NULL,NULL,NULL,"33","67","1010","1.94","190","Chatuchak","Thailand","2026-04-19 03:30:05","2026-04-19 10:30:05"
"480","78","p2",NULL,NULL,NULL,NULL,NULL,NULL,"34","63","1009","1.94","200","Chatuchak","Thailand","2026-04-19 04:30:04","2026-04-19 11:30:04"
"481","103","p2",NULL,NULL,NULL,NULL,NULL,NULL,"35","60","1008","1.94","210","Chatuchak","Thailand","2026-04-19 05:30:04","2026-04-19 12:30:04"
"482","99","p2",NULL,NULL,NULL,NULL,NULL,NULL,"35","60","1008","1.94","220","Chatuchak","Thailand","2026-04-19 06:30:04","2026-04-19 13:30:04"
"483","99","p2",NULL,NULL,NULL,NULL,NULL,NULL,"36","57","1007","2.5","210","Chatuchak","Thailand","2026-04-19 07:30:04","2026-04-19 14:30:04"
"484","89","p2",NULL,NULL,NULL,NULL,NULL,NULL,"36","57","1006","1.94","210","Chatuchak","Thailand","2026-04-19 08:30:05","2026-04-19 15:30:05"
"485","84","p2",NULL,NULL,NULL,NULL,NULL,NULL,"36","57","1005","1.94","200","Chatuchak","Thailand","2026-04-19 09:30:04","2026-04-19 16:30:04"
"486","80","p2",NULL,NULL,NULL,NULL,NULL,NULL,"35","60","1005","1.94","200","Chatuchak","Thailand","2026-04-19 10:30:06","2026-04-19 17:30:06"
"487","71","p2",NULL,NULL,NULL,NULL,NULL,NULL,"34","63","1006","1.94","190","Chatuchak","Thailand","2026-04-19 11:30:04","2026-04-19 18:30:04"
"488","66","p2",NULL,NULL,NULL,NULL,NULL,NULL,"32","71","1006","1.94","180","Chatuchak","Thailand","2026-04-19 12:30:04","2026-04-19 19:30:04"
"489","66","p2",NULL,NULL,NULL,NULL,NULL,NULL,"32","71","1007","1.94","180","Chatuchak","Thailand","2026-04-19 13:30:04","2026-04-19 20:30:04"
"490","66","p2",NULL,NULL,NULL,NULL,NULL,NULL,"31","75","1008","1.67","170","Chatuchak","Thailand","2026-04-19 14:30:04","2026-04-19 21:30:05"
"491","64","p2",NULL,NULL,NULL,NULL,NULL,NULL,"31","75","1008","1.67","160","Chatuchak","Thailand","2026-04-19 15:30:04","2026-04-19 22:30:04"
"492","60","p2",NULL,NULL,NULL,NULL,NULL,NULL,"31","75","1008","1.67","170","Chatuchak","Thailand","2026-04-19 16:30:04","2026-04-19 23:30:04"
"493","60","p2",NULL,NULL,NULL,NULL,NULL,NULL,"30","79","1008","1.67","170","Chatuchak","Thailand","2026-04-19 17:30:05","2026-04-20 00:30:05"
"494","57","p2",NULL,NULL,NULL,NULL,NULL,NULL,"30","79","1008","1.67","180","Chatuchak","Thailand","2026-04-19 18:30:04","2026-04-20 01:30:04"
"495","56","p2",NULL,NULL,NULL,NULL,NULL,NULL,"30","79","1008","1.11","170","Chatuchak","Thailand","2026-04-19 19:30:04","2026-04-20 02:30:04"
"496","58","p2",NULL,NULL,NULL,NULL,NULL,NULL,"30","79","1008","1.11","170","Chatuchak","Thailand","2026-04-19 20:30:04","2026-04-20 03:30:05"
"497","58","p2",NULL,NULL,NULL,NULL,NULL,NULL,"29","84","1007","0.56","160","Chatuchak","Thailand","2026-04-19 21:30:04","2026-04-20 04:30:04"
"498","60","p2",NULL,NULL,NULL,NULL,NULL,NULL,"29","84","1008","1.11","160","Chatuchak","Thailand","2026-04-19 22:30:04","2026-04-20 05:30:04"
"499","60","p2",NULL,NULL,NULL,NULL,NULL,NULL,"29","84","1008","1.11","160","Chatuchak","Thailand","2026-04-19 23:30:05","2026-04-20 06:30:05"
"500","62","p2",NULL,NULL,NULL,NULL,NULL,NULL,"29","84","1009","1.11","170","Chatuchak","Thailand","2026-04-20 00:30:05","2026-04-20 07:30:05"
"501","62","p2",NULL,NULL,NULL,NULL,NULL,NULL,"30","75","1009","1.67","180","Chatuchak","Thailand","2026-04-20 01:30:04","2026-04-20 08:30:04"
"502","66","p2",NULL,NULL,NULL,NULL,NULL,NULL,"32","66","1010","1.67","190","Chatuchak","Thailand","2026-04-20 02:30:04","2026-04-20 09:30:04"
"503","71","p2",NULL,NULL,NULL,NULL,NULL,NULL,"33","59","1010","1.94","200","Chatuchak","Thailand","2026-04-20 03:30:04","2026-04-20 10:30:04"
"504","79","p2",NULL,NULL,NULL,NULL,NULL,NULL,"34","56","1009","1.94","200","Chatuchak","Thailand","2026-04-20 04:30:04","2026-04-20 11:30:04"
"505","79","p2",NULL,NULL,NULL,NULL,NULL,NULL,"35","53","1009","1.94","200","Chatuchak","Thailand","2026-04-20 05:30:05","2026-04-20 12:30:05"
"506","86","p2",NULL,NULL,NULL,NULL,NULL,NULL,"36","50","1008","1.94","210","Chatuchak","Thailand","2026-04-20 06:30:05","2026-04-20 13:30:05"
"507","84","p2",NULL,NULL,NULL,NULL,NULL,NULL,"36","57","1007","2.5","200","Chatuchak","Thailand","2026-04-20 07:30:04","2026-04-20 14:30:04"
"508","85","p2",NULL,NULL,NULL,NULL,NULL,NULL,"36","57","1006","1.94","200","Chatuchak","Thailand","2026-04-20 08:30:04","2026-04-20 15:30:04"
"509","85","p2",NULL,NULL,NULL,NULL,NULL,NULL,"36","57","1005","1.94","200","Chatuchak","Thailand","2026-04-20 09:30:04","2026-04-20 16:30:04"
"510","85","p2",NULL,NULL,NULL,NULL,NULL,NULL,"34","63","1005","1.94","200","Chatuchak","Thailand","2026-04-20 10:30:05","2026-04-20 17:30:05"
"511","70","p2",NULL,NULL,NULL,NULL,NULL,NULL,"33","67","1006","1.94","200","Chatuchak","Thailand","2026-04-20 11:30:05","2026-04-20 18:30:05"
"512","64","p2",NULL,NULL,NULL,NULL,NULL,NULL,"32","71","1006","1.67","200","Chatuchak","Thailand","2026-04-20 12:30:04","2026-04-20 19:30:04"
"513","64","p2",NULL,NULL,NULL,NULL,NULL,NULL,"31","75","1007","1.67","190","Chatuchak","Thailand","2026-04-20 13:30:05","2026-04-20 20:30:05"
"514","61","p2",NULL,NULL,NULL,NULL,NULL,NULL,"31","75","1007","1.67","190","Chatuchak","Thailand","2026-04-20 14:30:04","2026-04-20 21:30:04"
"515","60","p2",NULL,NULL,NULL,NULL,NULL,NULL,"30","79","1008","1.11","180","Chatuchak","Thailand","2026-04-20 15:30:05","2026-04-20 22:30:05"
"516","61","p2",NULL,NULL,NULL,NULL,NULL,NULL,"30","79","1008","1.11","180","Chatuchak","Thailand","2026-04-20 16:30:04","2026-04-20 23:30:04"
"517","62","p2",NULL,NULL,NULL,NULL,NULL,NULL,"30","79","1008","1.11","180","Chatuchak","Thailand","2026-04-20 17:30:04","2026-04-21 00:30:04"
"518","62","p2",NULL,NULL,NULL,NULL,NULL,NULL,"30","79","1007","1.67","180","Chatuchak","Thailand","2026-04-20 18:30:05","2026-04-21 01:30:05"
"519","62","p2",NULL,NULL,NULL,NULL,NULL,NULL,"30","79","1007","1.11","180","Chatuchak","Thailand","2026-04-20 19:30:04","2026-04-21 02:30:04"
"520","62","p2",NULL,NULL,NULL,NULL,NULL,NULL,"30","79","1007","1.11","170","Chatuchak","Thailand","2026-04-20 21:02:26","2026-04-21 04:02:26"
"521","63","p2",NULL,NULL,NULL,NULL,NULL,NULL,"30","79","1007","0.56","170","Chatuchak","Thailand","2026-04-20 22:02:26","2026-04-21 05:02:26"
"522","65","p2",NULL,NULL,NULL,NULL,NULL,NULL,"30","79","1007","1.11","170","Chatuchak","Thailand","2026-04-20 23:02:26","2026-04-21 06:02:26"
"523","67","p2",NULL,NULL,NULL,NULL,NULL,NULL,"29","84","1008","1.11","170","Chatuchak","Thailand","2026-04-21 00:02:26","2026-04-21 07:02:26"
"524","70","p2",NULL,NULL,NULL,NULL,NULL,NULL,"29","84","1008","1.11","170","Chatuchak","Thailand","2026-04-21 01:02:26","2026-04-21 08:02:26"
"525","72","p2",NULL,NULL,NULL,NULL,NULL,NULL,"30","79","1008","1.67","180","Chatuchak","Thailand","2026-04-21 02:02:26","2026-04-21 09:02:26"
"526","72","p2",NULL,NULL,NULL,NULL,NULL,NULL,"32","71","1009","1.67","180","Chatuchak","Thailand","2026-04-21 03:02:26","2026-04-21 10:02:26"
"527","75","p2",NULL,NULL,NULL,NULL,NULL,NULL,"33","63","1009","1.94","180","Chatuchak","Thailand","2026-04-21 04:02:26","2026-04-21 11:02:26"
"528","92","p2",NULL,NULL,NULL,NULL,NULL,NULL,"35","56","1006","1.94","200","Chatuchak","Thailand","2026-04-21 07:08:46","2026-04-21 14:08:46"
"529","92","p2",NULL,NULL,NULL,NULL,NULL,NULL,"35","56","1006","1.94","200","Chatuchak","Thailand","2026-04-21 08:08:46","2026-04-21 15:08:46"
"530","93","p2",NULL,NULL,NULL,NULL,NULL,NULL,"35","56","1006","1.94","200","Chatuchak","Thailand","2026-04-21 09:08:46","2026-04-21 16:08:46"
"531","87","p2",NULL,NULL,NULL,NULL,NULL,NULL,"35","56","1005","1.94","190","Chatuchak","Thailand","2026-04-21 10:08:46","2026-04-21 17:08:46"
"532","86","p2",NULL,NULL,NULL,NULL,NULL,NULL,"34","60","1005","1.94","190","Chatuchak","Thailand","2026-04-21 11:08:46","2026-04-21 18:08:46"
"533","86","p2",NULL,NULL,NULL,NULL,NULL,NULL,"33","63","1005","1.67","190","Chatuchak","Thailand","2026-04-21 12:08:46","2026-04-21 19:08:46"
"534","88","p2",NULL,NULL,NULL,NULL,NULL,NULL,"32","71","1006","1.67","200","Chatuchak","Thailand","2026-04-21 13:08:46","2026-04-21 20:08:46"
"535","78","p2",NULL,NULL,NULL,NULL,NULL,NULL,"31","75","1006","1.67","180","Chatuchak","Thailand","2026-04-21 14:08:47","2026-04-21 21:08:47"
"536","63","p2",NULL,NULL,NULL,NULL,NULL,NULL,"31","75","1007","1.67","170","Chatuchak","Thailand","2026-04-21 15:08:46","2026-04-21 22:08:46"
"537","59","p2",NULL,NULL,NULL,NULL,NULL,NULL,"30","79","1007","1.67","160","Chatuchak","Thailand","2026-04-21 16:08:46","2026-04-21 23:08:46"
