"id","temperature","humidity","pressure","wind_speed","weather_main","weather_desc","timestamp"
"1","30.79","65","1008","5.99","Clouds","broken clouds","2026-03-28 17:15:01"
"2","30.31","66","1007","5.65","Clouds","few clouds","2026-03-28 18:20:03"
"3","30.31","64","1007","5.2","Clear","clear sky","2026-03-28 19:21:30"
"4","30.31","65","1007","4.31","Clear","clear sky","2026-03-28 20:20:57"
"5","29.59","64","1007","4.54","Clouds","few clouds","2026-03-28 21:26:49"
"6","30.04","63","1007","4.18","Clouds","scattered clouds","2026-03-28 22:17:17"
"7","27.94","73","1008","4.17","Clouds","scattered clouds","2026-03-28 23:28:15"
"8","28.94","73","1009","4.36","Clouds","broken clouds","2026-03-29 00:18:33"
"9","28.94","75","1011","4.21","Clouds","overcast clouds","2026-03-29 01:24:24"
"10","31.02","67","1012","4.46","Clouds","overcast clouds","2026-03-29 02:24:34"
"11","30.67","68","1012","4.92","Clouds","overcast clouds","2026-03-29 03:18:43"
"12","32.05","59","1011","5.02","Clouds","overcast clouds","2026-03-29 04:24:26"
"13","32.44","67","1011","4.79","Clouds","overcast clouds","2026-03-29 05:24:56"
"14","33.84","52","1010","4.38","Clouds","overcast clouds","2026-03-29 06:25:24"
"15","33.18","60","1008","5.01","Clouds","few clouds","2026-03-29 07:20:51"
"16","33.11","60","1007","5.69","Clouds","few clouds","2026-03-29 08:26:11"
"17","34.73","51","1006","5.83","Clear","clear sky","2026-03-29 09:21:00"
"18","36.08","51","1007","6.16","Clear","clear sky","2026-03-29 10:26:28"
"19","31.94","57","1007","6.17","Clear","clear sky","2026-03-29 11:22:04"
"20","30.94","64","1008","6.08","Clear","clear sky","2026-03-29 12:17:54"
"21","28.46","35","1008","6.22","Clear","clear sky","2026-03-29 13:23:40"
"22","31.88","57","1009","5.91","Clear","clear sky","2026-03-29 14:24:00"
"23","29.94","57","1009","5.5","Clear","clear sky","2026-03-29 15:23:20"
"24","30.79","60","1010","5.15","Clear","clear sky","2026-03-29 16:24:05"
"25","30.79","61","1010","5.05","Clouds","few clouds","2026-03-29 17:25:04"
"26","30.79","60","1009","5.22","Clouds","few clouds","2026-03-29 18:20:40"
"27","30.18","60","1009","4.77","Clouds","few clouds","2026-03-29 19:27:00"
"28","27.94","66","1008","4.02","Clouds","scattered clouds","2026-03-29 20:17:56"
"29","26.94","67","1008","3.52","Clouds","few clouds","2026-03-29 21:21:45"
"30","27.94","76","1008","3.61","Clouds","few clouds","2026-03-29 22:27:52"
"31","30.04","61","1009","3.55","Clouds","scattered clouds","2026-03-29 23:24:13"
"32","27.94","75","1010","4.42","Clouds","scattered clouds","2026-03-30 00:20:08"
"33","29.88","72","1011","5.3","Clouds","overcast clouds","2026-03-30 01:20:29"
"34","31.02","72","1011","5.28","Clouds","overcast clouds","2026-03-30 02:26:46"
"35","31.34","71","1012","5.3","Clouds","broken clouds","2026-03-30 03:19:15"
"36","31.68","69","1011","5.59","Clouds","broken clouds","2026-03-30 04:20:12"
"37","33.88","55","1010","6.25","Clouds","broken clouds","2026-03-30 05:26:11"
"38","35.48","47","1009","6.34","Clouds","scattered clouds","2026-03-30 06:26:54"
"39","33.97","52","1008","6.17","Clear","clear sky","2026-03-30 07:17:47"
"40","36.29","48","1007","6.16","Clear","clear sky","2026-03-30 08:23:56"
"41","35.47","54","1007","6.55","Clear","clear sky","2026-03-30 09:20:58"
"42","33.73","51","1007","6.85","Clear","clear sky","2026-03-30 10:16:24"
"43","31.94","58","1007","6.53","Clear","clear sky","2026-03-30 11:26:59"
"44","29.94","59","1007","5.6","Clear","clear sky","2026-03-30 12:17:13"
"45","30.38","37","1008","6.24","Clear","clear sky","2026-03-30 13:27:45"
"46","29.25","37","1009","6.5","Clear","clear sky","2026-03-30 14:23:01"
"47","28.88","40","1010","6.38","Clouds","scattered clouds","2026-03-30 15:23:21"
"48","28.88","40","1010","5.76","Clouds","scattered clouds","2026-03-30 16:18:58"
"49","27.94","71","1010","4.9","Clouds","broken clouds","2026-03-30 17:24:50"
"50","27.94","71","1010","4.47","Clouds","broken clouds","2026-03-30 18:26:18"
"51","26.94","71","1009","4.19","Clouds","overcast clouds","2026-03-30 19:22:33"
"52","29.86","60","1009","3.64","Clouds","overcast clouds","2026-03-30 20:17:04"
"53","26.94","75","1009","3.59","Clouds","overcast clouds","2026-03-30 21:26:52"
"54","29.39","60","1009","3.63","Clouds","overcast clouds","2026-03-30 22:28:12"
"55","26","80","1010","3.32","Clouds","overcast clouds","2026-03-30 23:24:43"
"56","26.06","75","1010","3.76","Clouds","overcast clouds","2026-03-31 00:19:55"
"57","28","74","1012","4.59","Clouds","overcast clouds","2026-03-31 01:25:26"
"58","31.37","70","1012","4.48","Clouds","overcast clouds","2026-03-31 02:21:38"
"59","31.3","72","1012","4.48","Clouds","overcast clouds","2026-03-31 03:21:32"
"60","32.37","68","1012","4.61","Clouds","overcast clouds","2026-03-31 04:22:06"
"61","34.75","49","1011","4.6","Clouds","overcast clouds","2026-03-31 05:28:00"
"62","35.82","45","1009","4.62","Clouds","broken clouds","2026-03-31 06:18:35"
"63","38.32","42","1008","4.83","Clouds","overcast clouds","2026-03-31 07:18:57"
"64","38.32","41","1007","5.08","Clouds","broken clouds","2026-03-31 08:20:37"
"65","38.2","39","1006","5.39","Clouds","broken clouds","2026-03-31 09:18:17"
"66","34.94","34","1005","5.63","Clouds","scattered clouds","2026-03-31 10:23:58"
"67","33.94","35","1005","5.65","Clouds","scattered clouds","2026-03-31 11:24:20"
"68","33.6","54","1007","5.73","Clear","clear sky","2026-03-31 12:25:00"
"69","32.5","56","1007","6.75","Clear","clear sky","2026-03-31 13:25:42"
"70","28.94","60","1008","6.7","Clear","clear sky","2026-03-31 14:26:09"
"71","28.94","63","1009","6.35","Clear","clear sky","2026-03-31 15:20:22"
"72","28.94","65","1009","6.07","Clear","clear sky","2026-03-31 16:26:49"
"73","28.94","65","1009","5.55","Clear","clear sky","2026-03-31 17:28:19"
"74","28.94","65","1008","4.96","Clouds","scattered clouds","2026-03-31 18:19:33"
"75","28","66","1008","4.36","Clouds","broken clouds","2026-03-31 19:20:02"
"76","27.94","67","1008","4.07","Clouds","broken clouds","2026-03-31 20:23:01"
"77","27.94","69","1008","4.07","Clouds","overcast clouds","2026-03-31 21:21:48"
"78","27.94","71","1009","3.75","Clouds","broken clouds","2026-03-31 22:18:15"
"79","27.94","73","1009","4.13","Clouds","broken clouds","2026-03-31 23:23:51"
"80","28.94","73","1010","4.19","Clouds","broken clouds","2026-04-01 00:19:34"
"81","29.94","66","1011","4.44","Clouds","broken clouds","2026-04-01 01:25:16"
"82","31.95","73","1011","4.5","Clouds","overcast clouds","2026-04-01 02:21:21"
"83","32.3","75","1011","4.59","Clouds","broken clouds","2026-04-01 03:26:28"
"84","32.65","76","1011","4.84","Clouds","broken clouds","2026-04-01 04:27:38"
"85","35.83","47","1010","5.13","Clouds","broken clouds","2026-04-01 05:28:35"
"86","34.82","46","1009","5.01","Clouds","scattered clouds","2026-04-01 06:29:15"
"87","34.04","70","1008","5.13","Clouds","few clouds","2026-04-01 07:25:08"
"88","35.91","46","1007","5.28","Clouds","few clouds","2026-04-01 08:20:43"
"89","35.62","48","1006","5.42","Clear","clear sky","2026-04-01 09:18:23"
"90","37.73","47","1005","5.82","Clear","clear sky","2026-04-01 10:19:23"
"91","34.54","56","1005","5.65","Clear","clear sky","2026-04-01 11:20:20"
"92","33.9","59","1006","4.99","Clear","clear sky","2026-04-01 12:26:18"
"93","32.68","52","1007","6.05","Clear","clear sky","2026-04-01 13:22:09"
"94","30.33","36","1009","6.54","Clear","clear sky","2026-04-01 14:27:57"
"95","32.75","63","1009","6.43","Clear","clear sky","2026-04-01 15:25:54"
"96","28.83","40","1010","6.04","Clear","clear sky","2026-04-01 16:21:44"
"97","28.19","38","1010","5.58","Clear","clear sky","2026-04-01 17:27:59"
"98","28.94","72","1009","4.93","Clear","clear sky","2026-04-01 18:18:53"
"99","28.94","85","1009","4.53","Clear","clear sky","2026-04-01 19:19:18"
"100","30.31","68","1008","4.31","Clouds","scattered clouds","2026-04-01 20:20:48"
"101","28.94","83","1009","4.2","Clouds","broken clouds","2026-04-01 21:22:16"
"102","28.88","86","1009","3.99","Clouds","broken clouds","2026-04-01 22:22:21"
"103","28.94","81","1009","3.98","Clouds","broken clouds","2026-04-01 23:23:41"
"104","28.94","79","1010","4.64","Clouds","broken clouds","2026-04-02 00:23:35"
"105","29.94","82","1011","5","Clear","clear sky","2026-04-02 01:29:47"
"106","30.63","76","1012","5.38","Clouds","few clouds","2026-04-02 02:20:31"
"107","32.94","62","1012","5.52","Clouds","few clouds","2026-04-02 03:21:40"
"108","33.94","57","1012","5.58","Clouds","few clouds","2026-04-02 04:17:37"
"109","37.75","52","1011","5.86","Clouds","few clouds","2026-04-02 05:27:15"
"110","37.75","51","1010","6.13","Clouds","few clouds","2026-04-02 06:29:25"
"111","37.18","47","1008","6.27","Clouds","scattered clouds","2026-04-02 07:23:27"
"112","37.49","44","1008","5.97","Clouds","broken clouds","2026-04-02 08:16:20"
"113","37.17","39","1007","6.03","Clouds","broken clouds","2026-04-02 09:23:37"
"114","34.94","44","1007","6.22","Clouds","broken clouds","2026-04-02 10:24:05"
"115","34.5","51","1007","6.11","Clouds","broken clouds","2026-04-02 11:24:31"
"116","32.98","55","1007","5.31","Clouds","broken clouds","2026-04-02 12:25:17"
"117","30.7","35","1008","6.07","Clouds","broken clouds","2026-04-02 13:20:57"
"118","31.88","58","1010","6.74","Clouds","overcast clouds","2026-04-02 14:26:20"
"119","31.41","59","1010","6.49","Clouds","overcast clouds","2026-04-02 15:16:54"
"120","29.94","75","1010","5.96","Clouds","overcast clouds","2026-04-02 16:27:12"
"121","28.94","76","1010","5.81","Clouds","overcast clouds","2026-04-02 17:24:18"
"122","28.94","71","1009","5.48","Clouds","broken clouds","2026-04-02 18:25:44"
"123","30.31","65","1008","5.34","Clouds","few clouds","2026-04-02 19:26:46"
"124","30.31","66","1008","5.12","Clouds","broken clouds","2026-04-02 20:23:14"
"125","28","76","1008","5.08","Clouds","broken clouds","2026-04-02 21:21:47"
"126","30.31","64","1008","5.19","Clouds","broken clouds","2026-04-02 22:22:44"
"127","30.31","63","1009","4.91","Clouds","broken clouds","2026-04-02 23:23:41"
"128","28.94","72","1010","5.2","Clouds","broken clouds","2026-04-03 00:20:13"
"129","29.94","69","1011","5.98","Clouds","broken clouds","2026-04-03 01:24:38"
"130","31.31","72","1011","6.15","Clouds","scattered clouds","2026-04-03 02:25:38"
"131","31.59","71","1011","6.29","Clouds","scattered clouds","2026-04-03 03:24:17"
"132","32.96","68","1011","6.61","Clouds","scattered clouds","2026-04-03 04:24:54"
"133","32.56","71","1010","6.73","Clouds","few clouds","2026-04-03 05:25:12"
"134","34.84","52","1009","6.57","Clouds","few clouds","2026-04-03 06:20:58"
"135","34.94","55","1007","6.38","Clear","clear sky","2026-04-03 07:22:36"
"136","35.73","54","1006","5.88","Clear","clear sky","2026-04-03 08:27:13"
"137","34.94","55","1006","5.76","Clear","clear sky","2026-04-03 09:18:45"
"138","35.02","56","1006","6.25","Clouds","few clouds","2026-04-03 10:19:29"
"139","33.78","55","1007","7.82","Clouds","few clouds","2026-04-03 11:17:45"
"140","30.94","63","1007","8.59","Clouds","scattered clouds","2026-04-03 12:18:34"
"141","31.7","47","1008","8.2","Clear","clear sky","2026-04-03 13:16:46"
"142","30.33","32","1008","7.6","Clear","clear sky","2026-04-03 14:22:18"
"143","29.94","73","1009","6.7","Clear","clear sky","2026-04-03 15:21:50"
"144","31.41","58","1009","6.1","Clear","clear sky","2026-04-03 16:23:59"
"145","29.88","73","1009","5.67","Clouds","scattered clouds","2026-04-03 17:25:37"
"146","28.94","72","1008","5.18","Clouds","scattered clouds","2026-04-03 18:26:52"
"147","28.94","74","1007","4.89","Clouds","overcast clouds","2026-04-03 19:17:59"
"148","28.94","76","1006","4.79","Clouds","overcast clouds","2026-04-03 20:19:10"
"149","28.94","74","1007","4.34","Clouds","overcast clouds","2026-04-03 21:16:40"
"150","28.88","78","1007","3.9","Clouds","overcast clouds","2026-04-03 22:23:41"
"151","27.94","78","1008","3.59","Clouds","overcast clouds","2026-04-03 23:19:52"
"152","28.94","72","1008","4.16","Clouds","overcast clouds","2026-04-04 00:20:32"
"153","29.94","75","1009","4.81","Clouds","overcast clouds","2026-04-04 01:21:14"
"154","30.92","76","1010","4.86","Clouds","broken clouds","2026-04-04 02:21:23"
"155","31.99","71","1010","5.09","Clouds","scattered clouds","2026-04-04 03:28:48"
"156","32.96","71","1009","5.52","Clouds","scattered clouds","2026-04-04 04:24:30"
"157","32.96","68","1008","5.46","Clouds","scattered clouds","2026-04-04 05:20:43"
"158","35.73","41","1007","5.39","Clouds","few clouds","2026-04-04 06:20:41"
"159","36.54","43","1005","5.64","Clear","clear sky","2026-04-04 07:16:36"
"160","35.84","48","1004","5.78","Clear","clear sky","2026-04-04 08:21:24"
"161","35.94","48","1004","5.67","Clear","clear sky","2026-04-04 09:20:48"
"162","34.94","46","1004","5.46","Clear","clear sky","2026-04-04 10:21:31"
"163","33.94","51","1004","5.54","Clear","clear sky","2026-04-04 11:27:41"
"164","33.73","57","1005","6.2","Clear","clear sky","2026-04-04 12:17:10"
"165","30.94","60","1006","7.21","Clear","clear sky","2026-04-04 13:18:19"
"166","31.88","63","1007","7.46","Clear","clear sky","2026-04-04 14:21:12"
"167","29.94","76","1007","6.82","Clear","clear sky","2026-04-04 15:22:06"
"168","29.94","78","1008","6.55","Clear","clear sky","2026-04-04 16:19:24"
"169","28.94","79","1007","6.31","Clear","clear sky","2026-04-04 17:20:47"
"170","28.94","77","1006","5.68","Clear","clear sky","2026-04-04 18:21:49"
"171","28.94","84","1006","5.12","Clear","clear sky","2026-04-04 19:23:23"
"172","28.94","86","1006","4.6","Clouds","few clouds","2026-04-04 20:19:21"
"173","28.94","81","1005","4.26","Clouds","few clouds","2026-04-04 21:22:15"
"174","28.94","83","1006","3.73","Clouds","few clouds","2026-04-04 22:23:04"
"175","28.94","86","1007","3.36","Clouds","few clouds","2026-04-04 23:18:33"
"176","28.94","77","1007","3.62","Clouds","few clouds","2026-04-05 00:19:44"
"177","30.94","67","1008","4.03","Clear","clear sky","2026-04-05 01:20:18"
"178","34.31","42","1009","3.77","Clear","clear sky","2026-04-05 02:26:22"
"179","32.94","48","1009","3.61","Clear","clear sky","2026-04-05 03:26:53"
"180","34.94","35","1009","3.97","Clouds","few clouds","2026-04-05 04:27:45"
"181","34.94","34","1008","4.48","Clouds","few clouds","2026-04-05 05:18:55"
"182","36.73","36","1007","5.16","Clouds","scattered clouds","2026-04-05 06:23:47"
"183","37.62","38","1006","5.72","Clouds","overcast clouds","2026-04-05 07:25:01"
"184","38.41","41","1005","5.51","Clouds","overcast clouds","2026-04-05 08:20:43"
"185","38.61","34","1004","5.56","Clouds","overcast clouds","2026-04-05 09:25:16"
"186","37.86","31","1003","5.53","Clouds","broken clouds","2026-04-05 10:26:27"
"187","36.79","35","1004","5.87","Clouds","broken clouds","2026-04-05 11:19:59"
"188","33.94","42","1004","5.82","Clouds","overcast clouds","2026-04-05 12:26:28"
"189","31.94","43","1005","6.17","Clouds","overcast clouds","2026-04-05 13:22:02"
"190","32.98","59","1006","6.69","Clouds","broken clouds","2026-04-05 14:23:10"
"191","31.08","33","1007","6.43","Clouds","broken clouds","2026-04-05 15:26:12"
"192","30.33","37","1007","6.21","Clouds","scattered clouds","2026-04-05 16:21:55"
"193","28.94","74","1007","5.93","Clouds","scattered clouds","2026-04-05 17:28:37"
"194","28.94","71","1006","5.52","Clouds","scattered clouds","2026-04-05 18:20:07"
"195","28.94","76","1006","5.18","Clear","clear sky","2026-04-05 19:21:02"
"196","28.94","75","1006","4.73","Clear","clear sky","2026-04-05 20:22:05"
"197","28.94","75","1006","4.23","Clear","clear sky","2026-04-05 21:27:06"
"198","28.94","75","1007","3.63","Clear","clear sky","2026-04-05 22:27:40"
"199","28","78","1008","3.33","Clear","clear sky","2026-04-05 23:18:41"
"200","28.94","64","1009","2.42","Clear","clear sky","2026-04-06 00:30:02"
"201","29.94","68","1010","2.42","Clear","clear sky","2026-04-06 01:20:24"
"202","32.9","56","1010","2.18","Clear","clear sky","2026-04-06 02:26:25"
"203","33.98","49","1010","2.34","Clear","clear sky","2026-04-06 03:22:30"
"204","34.26","48","1010","2.92","Clear","clear sky","2026-04-06 04:17:59"
"205","35.95","46","1009","4.03","Clear","clear sky","2026-04-06 05:18:26"
"206","38.61","36","1008","5.16","Clear","clear sky","2026-04-06 06:24:45"
"207","36.93","46","1007","5.5","Clear","clear sky","2026-04-06 07:25:13"
"208","36.84","37","1006","5.54","Clear","clear sky","2026-04-06 08:20:56"
"209","38.76","42","1005","5.27","Clear","clear sky","2026-04-06 09:19:27"
"210","37.86","38","1005","5.07","Clear","clear sky","2026-04-06 10:25:45"
"211","36.79","35","1006","5.4","Clear","clear sky","2026-04-06 11:21:23"
"212","33.94","39","1006","6.04","Clouds","few clouds","2026-04-06 12:26:47"
"213","33.73","49","1007","6.99","Clear","clear sky","2026-04-06 13:23:40"
"214","30.94","58","1008","7.17","Clear","clear sky","2026-04-06 14:23:18"
"215","32.5","54","1008","6.86","Clear","clear sky","2026-04-06 15:26:43"
"216","31.88","57","1009","6.4","Clear","clear sky","2026-04-06 16:17:34"
"217","29.94","69","1009","6.13","Clear","clear sky","2026-04-06 17:28:49"
"218","29.94","69","1008","5.7","Clear","clear sky","2026-04-06 18:19:39"
"219","28.94","69","1008","5.32","Clear","clear sky","2026-04-06 19:21:37"
"220","28.94","70","1008","4.88","Clear","clear sky","2026-04-06 20:23:48"
"221","28.94","72","1008","4.55","Clouds","few clouds","2026-04-06 21:21:50"
"222","28.03","75","1008","3.93","Clouds","scattered clouds","2026-04-06 22:18:47"
"223","28.94","74","1009","3.35","Clouds","broken clouds","2026-04-06 23:24:38"
"224","28.94","63","1010","1.74","Clouds","overcast clouds","2026-04-07 00:30:06"
"225","29.94","69","1011","1.74","Clouds","overcast clouds","2026-04-07 01:20:36"
"226","31.94","53","1011","1.65","Clouds","broken clouds","2026-04-07 02:26:03"
"227","32.94","47","1012","1.8","Clouds","scattered clouds","2026-04-07 03:21:32"
"228","32.94","45","1011","1.78","Clouds","scattered clouds","2026-04-07 04:21:58"
"229","37.62","43","1010","2.35","Clouds","scattered clouds","2026-04-07 05:22:28"
"230","38.36","40","1009","3.71","Clouds","scattered clouds","2026-04-07 06:23:37"
"231","38.86","39","1007","4.77","Clouds","overcast clouds","2026-04-07 07:24:40"
"232","40.12","34","1006","5.52","Clouds","overcast clouds","2026-04-07 08:20:02"
"233","39.56","34","1006","5.79","Clouds","broken clouds","2026-04-07 09:28:04"
"234","38.52","49","1006","5.62","Clouds","overcast clouds","2026-04-07 10:18:55"
"235","35.94","47","1006","5.6","Clouds","broken clouds","2026-04-07 11:29:54"
"236","33.94","44","1006","5.59","Clouds","scattered clouds","2026-04-07 12:20:16"
"237","32.81","28","1007","5.99","Clear","clear sky","2026-04-07 13:22:08"
"238","30.98","28","1007","6.79","Clouds","scattered clouds","2026-04-07 14:27:26"
"239","29.86","30","1008","6.16","Clouds","broken clouds","2026-04-07 15:20:00"
"240","30.28","42","1008","5.48","Clouds","broken clouds","2026-04-07 16:20:35"
"241","29.58","43","1008","5.52","Clouds","broken clouds","2026-04-07 17:27:16"
"242","29.88","77","1008","5.14","Clouds","broken clouds","2026-04-07 18:23:44"
"243","28.94","77","1008","4.85","Clear","clear sky","2026-04-07 19:25:05"
"244","28.94","79","1007","4.47","Clear","clear sky","2026-04-07 20:21:19"
"245","28.94","77","1007","4.07","Clear","clear sky","2026-04-07 21:21:46"
"246","28.94","87","1008","3.31","Clouds","scattered clouds","2026-04-07 22:28:50"
"247","28.94","84","1008","3.15","Clouds","scattered clouds","2026-04-07 23:29:13"
"248","29.88","75","1009","2.95","Clouds","scattered clouds","2026-04-08 00:20:22"
"249","30.94","74","1010","3.37","Clouds","few clouds","2026-04-08 01:25:53"
"250","31.99","76","1011","3.63","Clear","clear sky","2026-04-08 02:26:34"
"251","33.75","70","1011","4.07","Clear","clear sky","2026-04-08 03:27:00"
"252","35.94","58","1010","4.98","Clear","clear sky","2026-04-08 04:22:35"
"253","34.04","68","1010","5.23","Clear","clear sky","2026-04-08 05:19:33"
"254","34.61","65","1009","5.75","Clear","clear sky","2026-04-08 06:28:52"
"255","37.94","40","1008","6.32","Clear","clear sky","2026-04-08 07:19:58"
"256","36.94","37","1007","6.06","Clear","clear sky","2026-04-08 08:21:58"
"257","37.86","43","1006","5.99","Clear","clear sky","2026-04-08 09:22:50"
"258","38.3","45","1006","6.12","Clear","clear sky","2026-04-08 10:28:57"
"259","36.09","51","1006","6.18","Clouds","few clouds","2026-04-08 11:19:29"
"260","31.94","52","1007","6.15","Clouds","scattered clouds","2026-04-08 12:25:18"
"261","30.28","36","1007","6.64","Clouds","few clouds","2026-04-08 13:26:17"
"262","30.94","57","1008","6.96","Clouds","few clouds","2026-04-08 14:27:03"
"263","29.94","60","1008","6.96","Clear","clear sky","2026-04-08 15:20:00"
"264","28.46","39","1009","6.07","Clear","clear sky","2026-04-08 16:21:10"
"265","28.53","37","1008","5.52","Clear","clear sky","2026-04-08 17:22:17"
"266","28","76","1009","4.65","Clear","clear sky","2026-04-08 18:23:42"
"267","28","77","1009","4.26","Clear","clear sky","2026-04-08 19:19:24"
"268","27.94","77","1008","4.11","Clear","clear sky","2026-04-08 20:26:13"
"269","28.88","80","1008","4.09","Clear","clear sky","2026-04-08 21:26:58"
"270","28","78","1009","4.13","Clear","clear sky","2026-04-08 22:17:39"
"271","28","79","1010","4.11","Clear","clear sky","2026-04-08 23:23:20"
"272","28.94","74","1010","4.8","Clear","clear sky","2026-04-09 00:23:55"
"273","30.94","75","1011","5.26","Clear","clear sky","2026-04-09 01:21:11"
"274","31.71","75","1012","5.23","Clear","clear sky","2026-04-09 02:27:06"
"275","32.28","75","1012","5.36","Clear","clear sky","2026-04-09 03:16:56"
"276","32.77","72","1012","5.54","Clear","clear sky","2026-04-09 04:22:44"
"277","35.94","47","1011","5.49","Clear","clear sky","2026-04-09 05:23:31"
"278","36.94","41","1010","5.53","Clear","clear sky","2026-04-09 06:19:09"
"279","38.28","45","1008","5.54","Clear","clear sky","2026-04-09 07:24:58"
"280","37.93","44","1007","5.71","Clear","clear sky","2026-04-09 08:25:27"
"281","37.5","45","1007","5.88","Clear","clear sky","2026-04-09 09:22:56"
"282","36.64","46","1007","6.16","Clear","clear sky","2026-04-09 10:28:32"
"283","34.41","50","1007","6.39","Clear","clear sky","2026-04-09 11:24:23"
"284","33.6","55","1007","6.63","Clear","clear sky","2026-04-09 12:20:02"
"285","32.8","48","1009","7.04","Clear","clear sky","2026-04-09 13:20:34"
"286","30.28","31","1009","7.4","Clear","clear sky","2026-04-09 14:21:31"
"287","29.21","37","1010","6.83","Clear","clear sky","2026-04-09 15:19:58"
"288","29.21","41","1010","6.1","Clouds","few clouds","2026-04-09 16:25:52"
"289","29.21","43","1010","5.85","Clouds","scattered clouds","2026-04-09 17:17:01"
"290","28.83","42","1010","5.04","Clouds","broken clouds","2026-04-09 18:23:18"
"291","28.94","75","1009","4.94","Clouds","scattered clouds","2026-04-09 19:24:35"
"292","28.94","78","1009","4.66","Clouds","few clouds","2026-04-09 20:20:06"
"293","28.94","82","1009","4.24","Clouds","few clouds","2026-04-09 21:21:52"
"294","28.94","80","1009","4.02","Clouds","few clouds","2026-04-09 22:27:33"
"295","28.94","79","1010","3.75","Clouds","few clouds","2026-04-09 23:28:30"
"296","29","74","1010","3.35","Clouds","few clouds","2026-04-10 00:25:37"
"297","29.94","69","1011","3.37","Clouds","few clouds","2026-04-10 01:24:51"
"298","31.59","75","1012","3.09","Clouds","few clouds","2026-04-10 02:25:03"
"299","32.96","73","1012","3.08","Clear","clear sky","2026-04-10 03:22:08"
"300","33.24","73","1012","3.45","Clear","clear sky","2026-04-10 04:17:42"
"301","37.79","48","1011","4.5","Clear","clear sky","2026-04-10 05:23:42"
"302","37.54","55","1010","5.68","Clear","clear sky","2026-04-10 06:24:23"
"303","37.54","53","1008","5.8","Clear","clear sky","2026-04-10 07:23:33"
"304","37.54","51","1007","5.64","Clear","clear sky","2026-04-10 08:16:00"
"305","37.54","46","1007","5.72","Clear","clear sky","2026-04-10 09:27:10"
"306","36.08","47","1007","5.87","Clear","clear sky","2026-04-10 10:17:32"
"307","33.94","50","1007","5.93","Clear","clear sky","2026-04-10 11:21:48"
"308","33.11","58","1007","5.48","Clear","clear sky","2026-04-10 12:19:23"
"309","31.03","34","1008","6.7","Clear","clear sky","2026-04-10 13:20:17"
"310","29.58","35","1009","7.04","Clear","clear sky","2026-04-10 14:24:24"
"311","29.58","46","1009","6.62","Clear","clear sky","2026-04-10 15:26:41"
"312","31.35","57","1009","6.05","Clear","clear sky","2026-04-10 16:23:04"
"313","28.94","76","1009","5.44","Clear","clear sky","2026-04-10 17:23:23"
"314","28.94","73","1008","5","Clear","clear sky","2026-04-10 18:24:55"
"315","28.94","77","1008","4.91","Clear","clear sky","2026-04-10 19:26:10"
"316","28.88","76","1007","4.58","Clear","clear sky","2026-04-10 20:22:59"
"317","28.94","77","1008","4.21","Clear","clear sky","2026-04-10 21:21:45"
"318","30.31","70","1008","4.22","Clear","clear sky","2026-04-10 22:23:26"
"319","28.94","79","1009","4.17","Clear","clear sky","2026-04-10 23:18:44"
"320","28.94","76","1009","3.76","Clear","clear sky","2026-04-11 00:25:12"
"321","30.94","68","1011","3.97","Clear","clear sky","2026-04-11 01:25:35"
"322","31.71","76","1011","3.84","Clear","clear sky","2026-04-11 02:21:29"
"323","32.67","71","1011","3.96","Clear","clear sky","2026-04-11 03:26:49"
"324","34.21","67","1011","4.21","Clear","clear sky","2026-04-11 04:22:59"
"325","34.13","68","1010","4.54","Clear","clear sky","2026-04-11 05:23:26"
"326","34.84","67","1009","5.2","Clear","clear sky","2026-04-11 06:19:10"
"327","33.32","67","1007","5.48","Clear","clear sky","2026-04-11 07:20:36"
"328","39.05","44","1006","5.65","Clear","clear sky","2026-04-11 08:25:50"
"329","35.29","59","1005","5.27","Clear","clear sky","2026-04-11 09:18:18"
"330","38.86","39","1005","5.03","Clear","clear sky","2026-04-11 10:24:08"
"331","35.53","48","1005","5.51","Clear","clear sky","2026-04-11 11:25:01"
"332","33.86","58","1006","6.3","Clear","clear sky","2026-04-11 12:25:44"
"333","32.98","60","1007","7.29","Clear","clear sky","2026-04-11 13:26:06"
"334","32.5","62","1008","7.35","Clear","clear sky","2026-04-11 14:26:49"
"335","31.88","63","1008","6.63","Clear","clear sky","2026-04-11 15:20:29"
"336","29.94","74","1008","6.41","Clear","clear sky","2026-04-11 16:26:21"
"337","29.94","76","1008","6.17","Clear","clear sky","2026-04-11 17:27:03"
"338","29.94","74","1007","5.48","Clear","clear sky","2026-04-11 18:17:55"
"339","28.94","73","1006","5.08","Clear","clear sky","2026-04-11 19:24:31"
"340","28.94","78","1006","4.66","Clear","clear sky","2026-04-11 20:20:21"
"341","28.94","74","1006","4.33","Clear","clear sky","2026-04-11 21:22:09"
"342","28.94","80","1007","3.85","Clear","clear sky","2026-04-11 22:17:54"
"343","28.94","77","1007","3.58","Clear","clear sky","2026-04-11 23:24:04"
"344","29","72","1008","3.89","Clear","clear sky","2026-04-12 00:25:07"
"345","30.94","67","1009","3.94","Clear","clear sky","2026-04-12 01:21:01"
"346","32.1","69","1009","3.75","Clear","clear sky","2026-04-12 02:26:21"
"347","33.14","68","1009","3.71","Clear","clear sky","2026-04-12 03:22:00"
"348","33.36","68","1008","4.13","Clear","clear sky","2026-04-12 04:28:05"
"349","33.93","65","1007","4.77","Clear","clear sky","2026-04-12 05:28:32"
"350","37.7","43","1007","5.39","Clear","clear sky","2026-04-12 06:24:14"
"351","38.51","44","1006","5.74","Clear","clear sky","2026-04-12 07:20:10"
"352","37.77","39","1005","5.56","Clear","clear sky","2026-04-12 08:25:46"
"353","37.86","37","1005","5.6","Clear","clear sky","2026-04-12 09:22:49"
"354","36.64","39","1005","5.85","Clear","clear sky","2026-04-12 10:28:33"
"355","35.53","43","1005","5.85","Clear","clear sky","2026-04-12 11:25:00"
"356","32.94","47","1005","6.57","Clear","clear sky","2026-04-12 12:25:25"
"357","31.94","55","1006","7.14","Clear","clear sky","2026-04-12 13:25:42"
"358","30.94","57","1007","7.29","Clear","clear sky","2026-04-12 14:26:27"
"359","32.5","54","1007","6.81","Clear","clear sky","2026-04-12 15:19:16"
"360","28.78","36","1008","6.41","Clear","clear sky","2026-04-12 16:25:14"
"361","28.13","39","1007","6","Clear","clear sky","2026-04-12 17:21:22"
"362","29.8","63","1007","5.28","Clear","clear sky","2026-04-12 18:27:23"
"363","29.9","75","1007","5.03","Clear","clear sky","2026-04-12 19:17:52"
"364","31.41","64","1007","4.78","Clear","clear sky","2026-04-12 20:24:05"
"365","28.94","76","1007","4.37","Clear","clear sky","2026-04-12 21:22:16"
"366","28.94","81","1008","4.02","Clear","clear sky","2026-04-12 22:22:58"
"367","31.41","67","1008","3.91","Clear","clear sky","2026-04-12 23:18:39"
"368","29.94","73","1009","4.8","Clear","clear sky","2026-04-13 00:19:20"
"369","29.94","77","1010","4.83","Clear","clear sky","2026-04-13 01:26:05"
"370","31.94","64","1011","4.98","Clear","clear sky","2026-04-13 02:26:59"
"371","35.71","61","1011","5.32","Clear","clear sky","2026-04-13 03:24:19"
"372","36.46","52","1011","5.74","Clear","clear sky","2026-04-13 04:25:02"
"373","37.54","44","1010","6.11","Clear","clear sky","2026-04-13 05:26:03"
"374","38.61","36","1009","6.07","Clear","clear sky","2026-04-13 06:21:54"
"375","38.56","32","1008","6.12","Clear","clear sky","2026-04-13 07:27:24"
"376","38.93","35","1007","5.89","Clear","clear sky","2026-04-13 08:28:01"
"377","38.18","37","1006","5.54","Clear","clear sky","2026-04-13 09:21:25"
"378","38.3","39","1006","5.8","Clear","clear sky","2026-04-13 10:22:11"
"379","35.7","25","1007","6.02","Clear","clear sky","2026-04-13 11:28:33"
"380","33.18","27","1007","6.73","Clear","clear sky","2026-04-13 12:29:11"
"381","30.98","29","1008","7.25","Clear","clear sky","2026-04-13 13:19:52"
"382","29.9","29","1009","7.46","Clear","clear sky","2026-04-13 14:20:14"
"383","32.02","65","1010","6.87","Clear","clear sky","2026-04-13 15:23:55"
"384","31.32","56","1009","6.29","Clear","clear sky","2026-04-13 16:19:15"
"385","29.21","42","1009","5.81","Clear","clear sky","2026-04-13 17:25:20"
"386","29.94","71","1008","5.36","Clear","clear sky","2026-04-13 18:22:05"
"387","29.94","80","1008","4.89","Clear","clear sky","2026-04-13 19:26:45"
"388","29.94","80","1008","4.51","Clear","clear sky","2026-04-13 20:23:26"
"389","29","81","1008","4.07","Clear","clear sky","2026-04-13 21:27:36"
"390","28.94","81","1008","3.51","Clear","clear sky","2026-04-13 22:28:23"
"391","29","79","1009","3.2","Clear","clear sky","2026-04-13 23:18:54"
"392","29.94","73","1009","2.95","Clear","clear sky","2026-04-14 00:20:20"
"393","31.94","74","1010","3.19","Clear","clear sky","2026-04-14 01:26:15"
"394","32.94","60","1011","3.07","Clear","clear sky","2026-04-14 02:27:01"
"395","36.09","59","1011","2.8","Clear","clear sky","2026-04-14 03:27:28"
"396","36.79","54","1010","3.15","Clear","clear sky","2026-04-14 04:18:25"
"397","37.86","51","1010","3.57","Clear","clear sky","2026-04-14 05:19:08"
"398","38.95","43","1009","4.49","Clear","clear sky","2026-04-14 06:19:40"
"399","39.97","47","1007","6.27","Clear","clear sky","2026-04-14 07:25:10"
"400","38.9","40","1006","6.24","Clear","clear sky","2026-04-14 08:20:13"
"401","39.41","41","1005","5.91","Clear","clear sky","2026-04-14 09:24:31"
"402","38.3","43","1005","6.08","Clear","clear sky","2026-04-14 10:25:17"
"403","36.09","46","1006","6.19","Clear","clear sky","2026-04-14 11:25:40"
"404","32.94","61","1006","5.43","Clear","clear sky","2026-04-14 12:26:20"
"405","33.6","56","1007","6.33","Clear","clear sky","2026-04-14 13:21:55"
"406","32.98","60","1007","7.2","Clear","clear sky","2026-04-14 14:22:38"
"407","31.41","33","1008","7.21","Clear","clear sky","2026-04-14 15:21:39"
"408","29.95","35","1008","6.75","Clear","clear sky","2026-04-14 16:22:42"
"409","29.21","35","1007","6.18","Clear","clear sky","2026-04-14 17:23:06"
"410","29.94","81","1007","5.87","Clear","clear sky","2026-04-14 18:23:29"
"411","31.41","66","1006","5.5","Clear","clear sky","2026-04-14 19:23:55"
"412","28.94","78","1006","4.78","Clear","clear sky","2026-04-14 20:29:23"
"413","28.94","81","1006","4.27","Clear","clear sky","2026-04-14 21:17:05"
"414","28.94","83","1006","4.11","Clouds","few clouds","2026-04-14 22:23:56"
"415","28.94","85","1007","4.07","Clouds","few clouds","2026-04-14 23:29:15"
"416","28.94","79","1008","5.15","Clouds","scattered clouds","2026-04-15 00:23:50"
"417","29.94","76","1009","5.37","Clouds","few clouds","2026-04-15 01:19:40"
"418","32.07","77","1010","5.36","Clouds","few clouds","2026-04-15 02:25:21"
"419","33.07","72","1010","5.4","Clouds","few clouds","2026-04-15 03:27:25"
"420","35.73","54","1010","5.1","Clouds","few clouds","2026-04-15 04:23:23"
"421","36.62","53","1008","5.04","Clear","clear sky","2026-04-15 05:29:17"
"422","36.94","46","1008","5.16","Clouds","few clouds","2026-04-15 06:19:48"
"423","38.24","46","1006","5.89","Clear","clear sky","2026-04-15 07:20:20"
"424","38.11","42","1005","6.03","Clear","clear sky","2026-04-15 08:26:06"
"425","37.64","42","1004","5.86","Clear","clear sky","2026-04-15 09:20:47"
"426","37.28","44","1005","6.06","Clear","clear sky","2026-04-15 10:24:52"
"427","36.46","50","1004","6.3","Clear","clear sky","2026-04-15 11:27:19"
"428","32.94","51","1005","5.78","Clear","clear sky","2026-04-15 12:16:36"
"429","31.94","61","1005","7","Clear","clear sky","2026-04-15 13:17:40"
"430","30.94","71","1007","7.49","Clear","clear sky","2026-04-15 14:18:25"
"431","30.94","73","1007","7.34","Clear","clear sky","2026-04-15 15:21:42"
"432","29.94","75","1007","5.8","Clear","clear sky","2026-04-15 17:23:30"
"433","29.94","76","1007","5.66","Clear","clear sky","2026-04-15 18:24:29"
"434","31.41","64","1007","5.32","Clear","clear sky","2026-04-15 19:20:36"
"435","31.41","66","1006","4.94","Clear","clear sky","2026-04-15 20:21:42"
"436","31.41","68","1006","4.76","Clear","clear sky","2026-04-15 21:21:58"
"437","29.94","80","1007","4.96","Clear","clear sky","2026-04-15 22:22:47"
"438","28.94","81","1007","4.99","Clear","clear sky","2026-04-15 23:23:23"
"439","29.94","76","1008","4.31","Clouds","few clouds","2026-04-16 00:19:39"
"440","30.94","76","1009","4.2","Clear","clear sky","2026-04-16 01:25:03"
"441","31.99","76","1010","4.22","Clouds","few clouds","2026-04-16 02:25:43"
"442","32.56","78","1009","4.06","Clouds","few clouds","2026-04-16 03:22:34"
"443","33.64","73","1008","4.09","Clouds","few clouds","2026-04-16 04:23:05"
"444","36.62","56","1008","4.65","Clear","clear sky","2026-04-16 05:19:04"
"445","38.56","51","1007","5.43","Clouds","scattered clouds","2026-04-16 06:19:01"
"446","38.25","42","1006","5.9","Clear","clear sky","2026-04-16 07:25:09"
"447","38.93","44","1004","5.83","Clear","clear sky","2026-04-16 08:25:23"
"448","38.93","41","1004","6.08","Clear","clear sky","2026-04-16 09:24:28"
"449","38.24","39","1004","6.29","Clear","clear sky","2026-04-16 10:21:20"
"450","35.94","44","1004","5.57","Clouds","few clouds","2026-04-16 11:26:10"
"451","34.21","57","1005","5.31","Clouds","scattered clouds","2026-04-16 12:28:17"
"452","33.9","63","1006","6.48","Clear","clear sky","2026-04-16 13:22:51"
"453","32.98","63","1007","7.14","Clear","clear sky","2026-04-16 14:23:41"
"454","29.94","63","1007","7.21","Clear","clear sky","2026-04-16 15:16:11"
"455","28.83","36","1008","6.82","Clear","clear sky","2026-04-16 16:17:22"
"456","31.88","65","1008","6.41","Clouds","few clouds","2026-04-16 17:19:14"
"457","31.41","66","1007","6.12","Clouds","scattered clouds","2026-04-16 18:25:27"
"458","31.41","66","1007","5.53","Clear","clear sky","2026-04-16 19:26:01"
"459","31.41","66","1007","5","Clear","clear sky","2026-04-16 20:17:04"
"460","31.41","65","1007","4.82","Clear","clear sky","2026-04-16 21:21:50"
"461","31.27","67","1007","4.72","Clear","clear sky","2026-04-16 22:18:00"
"462","31.41","68","1008","4.66","Clear","clear sky","2026-04-16 23:24:50"
"463","29.94","70","1009","5.02","Clear","clear sky","2026-04-17 00:25:10"
"464","31.94","69","1010","4.81","Clear","clear sky","2026-04-17 01:21:02"
"465","31.97","78","1010","5.03","Clouds","few clouds","2026-04-17 02:17:01"
"466","34.74","63","1010","5.61","Clouds","few clouds","2026-04-17 03:17:16"
"467","35.82","57","1010","5.85","Clouds","few clouds","2026-04-17 04:22:41"
"468","34.88","57","1009","5.82","Clouds","few clouds","2026-04-17 05:23:28"
"469","37.64","55","1008","5.8","Clouds","few clouds","2026-04-17 06:19:49"
"470","37.56","46","1007","5.9","Clear","clear sky","2026-04-17 07:25:15"
"471","35.88","53","1006","6.09","Clear","clear sky","2026-04-17 08:20:37"
"472","36.73","44","1005","6.36","Clear","clear sky","2026-04-17 09:18:36"
"473","35.82","42","1005","6.15","Clear","clear sky","2026-04-17 10:18:44"
"474","35.11","51","1005","6.52","Clear","clear sky","2026-04-17 11:20:10"
"475","31.7","57","1006","7","Clear","clear sky","2026-04-17 12:20:38"
"476","30.87","61","1009","6.73","Clear","clear sky","2026-04-17 13:26:05"
"477","31.33","62","1009","4.72","Clear","clear sky","2026-04-17 14:26:37"
"478","30.78","65","1009","5.59","Clear","clear sky","2026-04-17 15:20:41"
"479","31.95","63","1009","6.65","Clear","clear sky","2026-04-17 16:26:54"
"480","29.85","68","1009","6.27","Clear","clear sky","2026-04-17 17:28:05"
"481","29.85","69","1008","5.21","Clear","clear sky","2026-04-17 18:19:14"
"482","29.76","70","1008","5.1","Clear","clear sky","2026-04-17 19:25:25"
"483","29.76","71","1007","5.02","Clear","clear sky","2026-04-17 20:21:29"
"484","31.41","66","1007","4.71","Clear","clear sky","2026-04-17 21:17:56"
"485","28.94","73","1007","4.75","Clear","clear sky","2026-04-17 22:23:16"
"486","27.94","78","1008","4.41","Clear","clear sky","2026-04-17 23:28:50"
"487","28.09","73","1009","4.46","Clear","clear sky","2026-04-18 00:19:32"
"488","30.04","72","1009","4.9","Clear","clear sky","2026-04-18 01:26:05"
"489","31.7","65","1010","5.07","Clear","clear sky","2026-04-18 02:17:15"
"490","33.14","72","1010","5.26","Clear","clear sky","2026-04-18 03:22:20"
"491","33.83","72","1009","5.44","Clear","clear sky","2026-04-18 04:27:57"
"492","36.11","53","1008","5.53","Clear","clear sky","2026-04-18 05:23:53"
"493","37.61","47","1008","5.56","Clear","clear sky","2026-04-18 06:24:25"
"494","37.61","52","1006","5.11","Clear","clear sky","2026-04-18 07:25:44"
"495","38.02","51","1005","4.94","Clear","clear sky","2026-04-18 08:26:41"
"496","37.88","44","1005","5.58","Clear","clear sky","2026-04-18 09:19:15"
"497","35.82","49","1005","6.3","Clear","clear sky","2026-04-18 10:22:43"
"498","34.57","48","1006","6.05","Clear","clear sky","2026-04-18 11:23:32"
"499","33.68","55","1006","5.55","Clear","clear sky","2026-04-18 12:22:22"
"500","33.11","58","1007","6.13","Clear","clear sky","2026-04-18 13:27:41"
"501","32.98","56","1007","7.39","Clear","clear sky","2026-04-18 14:28:15"
"502","30.68","63","1008","7.2","Clear","clear sky","2026-04-18 15:25:52"
"503","31.95","58","1008","5.83","Clear","clear sky","2026-04-18 16:27:17"
"504","30.68","65","1008","5.65","Clear","clear sky","2026-04-18 17:17:42"
"505","29.85","66","1008","5.45","Clear","clear sky","2026-04-18 18:18:23"
"506","29.85","68","1007","5.01","Clear","clear sky","2026-04-18 19:18:50"
"507","29.76","68","1007","4.83","Clear","clear sky","2026-04-18 20:19:09"
"508","30.92","65","1007","4.69","Clear","clear sky","2026-04-18 21:22:16"
"509","30.92","64","1007","4.35","Clear","clear sky","2026-04-18 22:23:07"
"510","30.92","63","1008","4.16","Clear","clear sky","2026-04-18 23:23:23"
"511","29.85","70","1008","5.39","Clear","clear sky","2026-04-19 00:24:02"
"512","31.7","64","1009","5.63","Clear","clear sky","2026-04-19 01:24:41"
"513","31.94","74","1009","5.56","Clear","clear sky","2026-04-19 02:25:08"
"514","32.75","74","1009","6.14","Clear","clear sky","2026-04-19 03:17:41"
"515","34.8","66","1009","6.1","Clear","clear sky","2026-04-19 04:18:19"
"516","35.88","56","1008","5.96","Clear","clear sky","2026-04-19 05:19:54"
"517","35.84","50","1008","6.13","Clear","clear sky","2026-04-19 06:20:36"
"518","36.82","52","1006","6.07","Clouds","scattered clouds","2026-04-19 07:25:43"
"519","37.88","46","1005","5.86","Clouds","scattered clouds","2026-04-19 08:16:29"
"520","37.05","50","1004","6.51","Clouds","scattered clouds","2026-04-19 09:19:36"
"521","36.33","45","1004","6.92","Clouds","scattered clouds","2026-04-19 10:20:07"
"522","35.25","52","1005","7.44","Clouds","few clouds","2026-04-19 11:20:51"
"523","33.04","59","1005","8.09","Clouds","few clouds","2026-04-19 12:16:59"
"524","32.64","62","1007","8.19","Clear","clear sky","2026-04-19 13:27:28"
"525","32.02","61","1008","7.78","Clear","clear sky","2026-04-19 14:18:04"
"526","31.96","61","1009","7.04","Clear","clear sky","2026-04-19 15:20:14"
"527","31.5","63","1009","6.53","Clear","clear sky","2026-04-19 16:21:16"
"528","29.94","69","1008","6.19","Clear","clear sky","2026-04-19 17:22:00"
"529","31.35","62","1008","6.02","Clear","clear sky","2026-04-19 18:23:08"
"530","31.35","65","1008","5.83","Clear","clear sky","2026-04-19 19:19:42"
"531","29.85","71","1007","5.67","Clear","clear sky","2026-04-19 20:25:18"
"532","31.41","65","1007","5.29","Clear","clear sky","2026-04-19 21:27:07"
"533","31.41","66","1007","4.8","Clear","clear sky","2026-04-19 22:28:13"
"534","31.41","65","1008","4.52","Clear","clear sky","2026-04-19 23:23:15"
"535","28.92","70","1009","5.19","Clear","clear sky","2026-04-20 00:23:43"
"536","29.85","67","1009","4.98","Clear","clear sky","2026-04-20 01:29:19"
"537","32.39","74","1010","4.78","Clear","clear sky","2026-04-20 02:25:08"
"538","32.78","73","1009","4.58","Clear","clear sky","2026-04-20 03:18:30"
"539","36.6","52","1009","4.45","Clear","clear sky","2026-04-20 04:24:35"
"540","35.74","54","1008","4.79","Clear","clear sky","2026-04-20 05:25:10"
"541","38","46","1008","5.52","Clear","clear sky","2026-04-20 06:20:48"
"542","36.62","54","1006","6.03","Clear","clear sky","2026-04-20 07:21:15"
"543","37.26","46","1006","6.15","Clear","clear sky","2026-04-20 08:21:42"
"544","36.67","51","1004","6.06","Clear","clear sky","2026-04-20 09:23:12"
"545","35.71","53","1005","6.2","Clear","clear sky","2026-04-20 10:19:08"
"546","34.61","56","1006","7.04","Clear","clear sky","2026-04-20 11:19:58"
"547","33.11","60","1005","7.77","Clear","clear sky","2026-04-20 12:24:40"
"548","32.02","60","1007","7.99","Clear","clear sky","2026-04-20 13:20:08"
"549","32.5","60","1007","7.65","Clear","clear sky","2026-04-20 14:22:12"
"550","32.02","63","1008","7.03","Clear","clear sky","2026-04-20 15:25:20"
"551","31.54","64","1009","6.49","Clear","clear sky","2026-04-20 16:22:29"
"552","31.88","63","1008","6.1","Clear","clear sky","2026-04-20 17:23:08"
"553","31.58","61","1008","5.7","Clear","clear sky","2026-04-20 18:19:29"
"554","31.88","65","1007","5.52","Clear","clear sky","2026-04-20 19:20:42"
"555","31.13","66","1007","5.07","Clear","clear sky","2026-04-20 20:52:53"
"556","31.13","67","1007","4.86","Clear","clear sky","2026-04-20 21:57:42"
"557","31.08","66","1007","4.9","Clear","clear sky","2026-04-20 22:58:50"
"558","26.94","78","1008","5.2","Clear","clear sky","2026-04-20 23:54:29"
"559","27.94","70","1009","4.82","Clear","clear sky","2026-04-21 01:00:09"
"560","33.93","65","1009","4.63","Clouds","few clouds","2026-04-21 01:55:40"
"561","34.65","63","1009","4.48","Clouds","scattered clouds","2026-04-21 02:56:24"
"562","34.16","68","1009","4.21","Clouds","scattered clouds","2026-04-21 03:57:02"
"563","37.12","50","1006","5.07","Clouds","scattered clouds","2026-04-21 06:59:44"
"564","37.37","53","1005","5.3","Clouds","scattered clouds","2026-04-21 08:05:07"
"565","36.52","50","1004","6.25","Clouds","few clouds","2026-04-21 09:05:49"
"566","35.92","51","1005","6.87","Clouds","few clouds","2026-04-21 10:08:09"
"567","34.21","52","1005","7.2","Clouds","few clouds","2026-04-21 11:03:21"
"568","33.11","58","1005","7.3","Clouds","few clouds","2026-04-21 12:03:45"
"569","32.18","50","1006","7.87","Clear","clear sky","2026-04-21 13:05:15"
"570","31.93","52","1007","7.58","Clear","clear sky","2026-04-21 13:55:36"
"571","31.41","65","1008","7.21","Clear","clear sky","2026-04-21 14:56:03"
"572","31.21","52","1008","6.56","Clear","clear sky","2026-04-21 15:59:51"
